seq_id,sequence,length,fcr_target,kappa_target,kappa_actual,subset
kvar_0000,GSEPAPPSGPSGKESPEKKAGEAPKPPAAPKEPKESPGAESSPSPEGPGK,50,0.3,0.05,0.06022581458519244,kappa_variant
kvar_0001,APKSEKASAPSEKGEAKGPAGEKPPPASEKESKSSGSPAPPPEPPPSEAP,50,0.3,0.05,0.05356364612336951,kappa_variant
kvar_0002,KESKAAEAKPSGEGGAPSSSSGAASEPGGGPSEPGSKAEPKSPPKEPAKE,50,0.3,0.05,0.0577406022500619,kappa_variant
kvar_0003,AKSPGAEGAPAPAKAEKEEKGEPASPASSKGEPEPPSAGPKSGPSKAPPE,50,0.3,0.1,0.10206145543309081,kappa_variant
kvar_0004,SKAGSPPSPKSEKGEAGPKPEPPEASASPKSAAGGGGSAAEPKGPEEAKE,50,0.3,0.1,0.08115871880525934,kappa_variant
kvar_0005,EEGAPGSPPKSEAASGGKEESKGGSSEESKGAASPSKSAKPSSGSPGEAK,50,0.3,0.1,0.11851793406104645,kappa_variant
kvar_0006,PKPSKEKKGGSSGSAGSSASAESKGAGEKPEEPSPSSEPPEAGEAAKAGS,50,0.3,0.15,0.14322283347546536,kappa_variant
kvar_0007,KGAGKAPSGSPAKSGPKEPSSEPASPAPPGSAKGEAEKKSEESESPGPGE,50,0.3,0.15,0.15221700817427244,kappa_variant
kvar_0008,GAASKAGGESGEPSKKAASPSPKKPEPGGAKSEGEAGSSGPAEAKGSEEP,50,0.3,0.15,0.16352884713998464,kappa_variant
kvar_0009,GEPEEGEPPAEGSAGAAGGSKPSEKSSKGSAPAPAGKPEPKKPPEGAKGA,50,0.3,0.2,0.20553213116201063,kappa_variant
kvar_0010,EGPPPPESGEGSAPSSAEAKASESAEGKGPAEEKSKSKPGPSKGSKSGAG,50,0.3,0.2,0.19410154296658508,kappa_variant
kvar_0011,KKSEESSPASSSASKSSPSGSAGEGAKESPGEAPPESAEPEGKGAPKAPK,50,0.3,0.2,0.18095714641024507,kappa_variant
kvar_0012,PPPGEAEGGAKGGKKGASSAAEPEPASKAGPKGPGAGSAASPEKEKSAEE,50,0.3,0.25,0.22735983926463374,kappa_variant
kvar_0013,AAGGAKEEAEEGSSPGEEGGKGESGAGSKPAESSSPPPPAKKSSPSGKSK,50,0.3,0.25,0.24826848196900303,kappa_variant
kvar_0014,AAGSKKKAKGEGESPGGAEPKPASSGSKGGAEPSPAGEAASAPEKSEPPE,50,0.3,0.25,0.2418809413108968,kappa_variant
kvar_0015,ASPPEGAAGAPKEGAEGPGKGPAKSKAPPGAGSESEEGEAPAKPKAKEGS,50,0.3,0.3,0.3168396093318871,kappa_variant
kvar_0016,EAEPASAEEGSPGPAASEESSSSGGKKEAAAEAAAKKGPSAGSKAKKPAP,50,0.3,0.3,0.3214010786219077,kappa_variant
kvar_0017,KAKGPKKSSPAGAPSEASKAKPASEAEKPPPPAGEEPAGAEPESGPEGSS,50,0.3,0.3,0.29586576202084486,kappa_variant
kvar_0018,EEEPGAEPEPGAKSGPSASEPGAEESGPPGGGGPPKKGKAAKGGSKPPSK,50,0.3,0.35,0.36859419663098913,kappa_variant
kvar_0019,EAPEESESAEPSSAEPAAGGKPPAEEGGSKGSGAPKSSSGKAKSSGKAAK,50,0.3,0.35,0.3309182311673201,kappa_variant
kvar_0020,EAGESAASAESSASPPAEKEEEGGEGASSPAAAKGAPKGKKGKAGSKASS,50,0.3,0.35,0.34641273261386774,kappa_variant
kvar_0021,KSSAPAPGKPSPSGKKPSKAGKSPKSPGEPAEGSAEPSSGESAEEEPPSE,50,0.3,0.4,0.4107854099161209,kappa_variant
kvar_0022,KASKGSPPKKAGPSAASKASSAGKKSAAEAEPPEEGEGEGAGGEPASAAE,50,0.3,0.4,0.3959346708122037,kappa_variant
kvar_0023,EGSEGEEGESPAPEASSPSEGPEKASGPPPSKGKSPPKPGKKPAPAKPPS,50,0.3,0.4,0.38109933886447184,kappa_variant
kvar_0024,ASKAAAKSAKASKGGKPKKGPSSPEASPSEPAGEEEAEAASSEAGAAAEP,50,0.3,0.45,0.4660423196233724,kappa_variant
kvar_0025,EPAPSEEPEEAESEPGAGAESKSKSAPAAPKGKGGKGPPPAKKPGSGSAS,50,0.3,0.45,0.4559344643182684,kappa_variant
kvar_0026,APKPGKAKKSKPGSPKPGAKPGPSSSEESGPGGESAEGSEPESEPSEPSG,50,0.3,0.45,0.4743450649012759,kappa_variant
kvar_0027,SKSKGGPAKSKGPAKKSKSSGSGSAAASPGEGSPEESEEEPPSPSAEEAS,50,0.3,0.5,0.5135870917065092,kappa_variant
kvar_0028,PPSSEGEGEAEEAAEEPSPGEGSPGSGKAPAAPKPKASPKGPKKAGPKGP,50,0.3,0.5,0.499970161474187,kappa_variant
kvar_0029,GPGEEPAEGSEPSGPGGEEAPEEPAGPGAPKSSKGASGAPKKGSKKGAKA,50,0.3,0.5,0.4877908045093118,kappa_variant
kvar_0030,PGGAPPKGKKAKPSKKGGGAKAAAAGPSEPAGGGSEEEPEAAGEEGGGPE,50,0.3,0.55,0.5309038793062273,kappa_variant
kvar_0031,GGPSKPSSSPKSKKSKKAGAPASGKPAGGSGPGEPPEEEEPPEGEAGSGE,50,0.3,0.55,0.5785680568498042,kappa_variant
kvar_0032,GEAPAEEEEAGAEEGAAEPASAAAKPKGAKKPKSGKSAKAAGGPPASGPP,50,0.3,0.55,0.5589898411032592,kappa_variant
kvar_0033,KEKSEGAKPEEAEGSKSEAAKKEPSKAKESASKPEAEGPGKPSKEPESEK,50,0.5,0.05,0.0729209338140407,kappa_variant
kvar_0034,PEEPPGPSKEPGGEAGPKSSAGKEGPKPKEKSAEKPKEAEESKKEEKESK,50,0.5,0.05,0.05492817837705861,kappa_variant
kvar_0035,AEEKGKKSEASAAKEKEKSSEKAAPKEGEPKAAEAEAGGPEKKEAEKSSP,50,0.5,0.05,0.04475253362889044,kappa_variant
kvar_0036,GKESKKESKASKKAESEESEAKEPGGEKPPAEEAKSSAAGAPEKEKEAKG,50,0.5,0.1,0.10933006665969375,kappa_variant
kvar_0037,KAGEEEKKPESEKKEEPPSEPEKSEGSEGGKGEGKPGEAKASPGKPGGKK,50,0.5,0.1,0.07628105357402955,kappa_variant
kvar_0038,GAPPPSGKGEAAAPKKKSEAKSEGSSAEEKEPEGEKPAKKEEKEGEPKKE,50,0.5,0.1,0.08874558825504493,kappa_variant
kvar_0039,KKEPPEEKPEGEKKGEAEAPAEKKGSKGPKSEGPSSKPSKKSEEEGSEGG,50,0.5,0.15,0.16129748123075224,kappa_variant
kvar_0040,KSGEAEEKEESEAEAAKAKGSPKSEKSEKKEKPKGPESSPAEKEPPPPAK,50,0.5,0.15,0.12828278028089624,kappa_variant
kvar_0041,SAASAAKPKEKKKSPSESKSEEGAKEESGAEEEGPPKKAKGGEKEAKESE,50,0.5,0.15,0.17304313175647415,kappa_variant
kvar_0042,EEEGPAAGEEEGAASGKEEEKGSEEKGSKKGEASPEKKSKAKGKPSSKGK,50,0.5,0.2,0.20828551613916482,kappa_variant
kvar_0043,ESKEEGEGEEKEAASPKSAPPAEPEEEKPSESKGAKAGKGSPGKEKKKGK,50,0.5,0.2,0.1835359848300651,kappa_variant
kvar_0044,SEGEPAKSKKKKEPEESAKKSESKEEEAGEEKPSGGEKPEKPKSSSPSSA,50,0.5,0.2,0.18341373099228445,kappa_variant
kvar_0045,PAKKSSSSKGGKAEKASKEGKSAAKEGKKEKPSGKESEGAESEEEEESGE,50,0.5,0.25,0.2645326250365776,kappa_variant
kvar_0046,EEAPPEGEPAEEAGSEGGKEPEPKEPSEKKPEAPAKAAGKAKKGKKSKEK,50,0.5,0.25,0.23409070269222296,kappa_variant
kvar_0047,KAKPSPKAGSESSSKGKGPEPKPKEGKSKEPAKKKESEPEEAEEEEPPAE,50,0.5,0.25,0.2708987974994148,kappa_variant
kvar_0048,AESSAPPSEEEAEEEEPAESKEPPGPSPKSKGKEKEKKEKAAKPSPGKKK,50,0.5,0.3,0.30206700149522187,kappa_variant
kvar_0049,KPPPAGKKKKAGAESPSPAKAAKPKKKEEPEKEAESEAAAESESGEEEEK,50,0.5,0.3,0.31584773089022783,kappa_variant
kvar_0050,ESPEAAEESEEAEEKEEPEKGKEGGGKSEAKSSSSSPKSPKKSKSKSKSK,50,0.5,0.3,0.29221980476548903,kappa_variant
kvar_0051,KGGAPSSKKKAPAPKKKKGKEKKSEGGSEAEEESKEPEGEAAPESPEGEE,50,0.5,0.35,0.3389082243522258,kappa_variant
kvar_0052,EESEEAEEGEEEAPGPKEPEGAEAKKEKAKKGGAKGSKKASSPSKPKPKA,50,0.5,0.35,0.3727326454791411,kappa_variant
kvar_0053,EPAGEESSAEASKGEEEAEEGEPGPKEEGKEKKGKGKKPKGAKAPKAGGK,50,0.5,0.35,0.332038330757907,kappa_variant
kvar_0054,EEGAAAGEEPASESPGEEEEAAESEAEKKKKEKGGKKKKKAAKPGGGSSK,50,0.5,0.4,0.41000777806869726,kappa_variant
kvar_0055,KPPPKKPSKKGASGKKPKGKAAKEKAAKPEEAEPEEAESEPAEPSEEPEE,50,0.5,0.4,0.4104114510299139,kappa_variant
kvar_0056,KPPKKAKGGPKSKSGKKAKGSPPKKGPEEESGKEEEPESAASPEEEPEEE,50,0.5,0.4,0.4042261547993869,kappa_variant
kvar_0057,ESSPEESSAEEEESSSEAAEKEAEPESGEKKKGSKKKKKSPSKGGGKKAP,50,0.5,0.45,0.4402535253436123,kappa_variant
kvar_0058,EASEAEPEEGAAEEAPSSEEEEEKKKGGKEGKSKKKKKPPGAAGPSAKAK,50,0.5,0.45,0.4289316204697945,kappa_variant
kvar_0059,KPEEEAEESEEGEEEASESAEKGAGKKEPPKPKKKAKASAKSPASAPKAK,50,0.5,0.45,0.45230736364921487,kappa_variant
kvar_0060,EAEEPPEEAEPEEPAEAKEGESEEGGAPGAAKGAKKKKGKPKSKGPKKSK,50,0.5,0.5,0.48700675539073474,kappa_variant
kvar_0061,EPEAPGAAPEEEEEEAEKEAAESEEKASKPGAAGKKKKKKAKKGAAPGKP,50,0.5,0.5,0.52238474499183,kappa_variant
kvar_0062,EAEEEEPEGSAEGESEEESPSEAGGKEAKKGGKKKSKSKKAKAAPKKAPG,50,0.5,0.5,0.5219255629306846,kappa_variant
kvar_0063,ESPEEGPAAAEEEPEGAEAESEEEGGEKKKKGKSKKKKKAGGSKSGGAPK,50,0.5,0.55,0.5484109278142664,kappa_variant
kvar_0064,AAKPAKGKKAPKKKKKGPSAPKKPPGKEEEPPSEPEEEGEPEGPEESESE,50,0.5,0.55,0.5356355198706618,kappa_variant
kvar_0065,EAEEAEPESAEEPAEEAAPGEEAEPEPPSSKKKPAKPGKKKGKAPKKKSK,50,0.5,0.55,0.5286255685701862,kappa_variant
kvar_0066,APESAGAAAGGPPSAAAAKGGKEKGKAEGGGKESGPPSKEKKGEKAGGEGKSAGPEGGPAPPPPPPESAPEKGKEKAEGPSGGSSPGESSSKAEGKEPSA,100,0.3,0.05,0.05333040125492957,kappa_variant
kvar_0067,GAAESGAPASKEPSKSEGKPEASSPSGASPGKAESKSKEAKKPAGEKSGAESKKEESKPKEGPGGASGGGSAAGGAPGSGSEKPPAESESSAAAPKAGES,100,0.3,0.05,0.052240547712245816,kappa_variant
kvar_0068,APGEPPGKESSAGAEPSAKGGPEGEKKSAEGKSASAPSPKSGSAASEGPKEPAESKAPPSAESSEKKSSGSPKEKEKAPAAGAPSKAEAPKGSGESPPSP,100,0.3,0.05,0.0674895837914706,kappa_variant
kvar_0069,SGAESGAPSGEPSASASSAEKKGASEKEAKKAGEGESSGKSSESPPAAGEKSEGSKPAAPGSGSKAPKPGSKPAGGEGEPKGSASSGGKEKKEAGPAESP,100,0.3,0.1,0.10360164782806289,kappa_variant
kvar_0070,PGASEAAKGSEGGKGAGGPEAKGPPKKGPEKKAPEAKASGAGKAPEPKGPSEGEAPKEAPGPKEPEPEAGPAASPSGEAAGAEAPKSEKGSSGSSPSSKA,100,0.3,0.1,0.10321062585213527,kappa_variant
kvar_0071,EPKPKGESPKSGGAGGEPAEAASKAKEEPPAEGGSGSGPAKAEKPEPGSPSSKSEGPEGPAKSAGAASSAASEPSKPGAPKSEPPKGGPKKGEPEPGAPK,100,0.3,0.1,0.12029438067173914,kappa_variant
kvar_0072,EPASGSKPGGGPPAGEPGPGEAPSPEKASSPGGSEESASEAPPSSSEPEKKAAKPPKGPKSEAGEKKSPEPGAKKPESEKSEPGGAAGKGPGAASKSAKA,100,0.3,0.15,0.15175118382665556,kappa_variant
kvar_0073,KASGSGKSAESSKPAKPGPEPAPKGGGPAKKGSEKAKSKEGPPGEAEKAKEESSGGGPSSEEGSSPAAGKGEPPSSPSPASAGSSPEEESEKKPSSPGPG,100,0.3,0.15,0.16171614548973046,kappa_variant
kvar_0074,ESKPGPGAPPSAGKKGGKASKGASPKSKKSESPSSSSKPEKEGAGSPGGGEKAEGESESAGPPGGSEGSAGGKKEPKSGEPKSEPGGAGEAGSAEPGEGA,100,0.3,0.15,0.17460966706249734,kappa_variant
kvar_0075,AGAPKPGSSGESASKPKGESKGGPSPKAPKGKAGEGEEGAAAGKKAAGSGSASAEGSGEGPSKGKGAGEEASSSPEEGGSGASSAGSPKKEEKKSEGESA,100,0.3,0.2,0.22197921156411732,kappa_variant
kvar_0076,EGGAGGEPEESPSSPSEPEAAGGPSSAGEKEAKEKEGAAEKEPGAAAEEAPKKPKGSEKPKAGSKAGPGSKPGGPKSGGSAKAKGPPSGSSSPGSPGGSK,100,0.3,0.2,0.18584275263520558,kappa_variant
kvar_0077,KGGAAASGEGESKKEEKKAKPASKPEEPPASPPSGKGPGEAEKPKGPAGSAASKGGPGKGPEPPSASPPPASGEEAPKPAGAGKAASKSEPGEEEGPSAS,100,0.3,0.2,0.18586392224128073,kappa_variant
kvar_0078,EAEAGGPAGSPAEAEGGEPSEEAASAKAEEAESASGEEAGSKPKGGAEEPKPGGAPKEGKAGASGGPKGGSSKAKGAPGKAGKKASKGGAPAKSGSPPAK,100,0.3,0.25,0.26793039245869454,kappa_variant
kvar_0079,EAAGAEEAPKAEEAPAPSEAEGGSEESSSESKEASGAAAKAPEGPKSASPSPSEAEGGKSGKKSKPGSAKSGKAPSESSAKPAGAPSKSGASAAPPKKAK,100,0.3,0.25,0.23705120874932198,kappa_variant
kvar_0080,EPPGPEPPEAAPSAPPGEAAAEAEPGASPEAPEEPKGPESEAAAPESKKAAEPSSEGKEPKAPSKKAGSSGSKAPPKGGKSKSPAPSKAGGSGPKAKAAK,100,0.3,0.25,0.23213118118778509,kappa_variant
kvar_0081,EAESEEESPPAGAKGSGEEKEEKSPSEPAAGGASKGSKASSGEGKPEAPPASAPASGESPEGESSPSAPAAKPGKPSGSKAKSKKPKSAKSGPPAGASSK,100,0.3,0.3,0.28747334007711367,kappa_variant
kvar_0082,KGKSKPKGSKAAAAPKKSSAPPAPKSGKPKGSPGPEKAKPGGEASASPKAAGAGKAEGSPGPAEESEEGASKPSPGEEPPPPESPAEGAEAGAAAAPEEE,100,0.3,0.3,0.29472812303000967,kappa_variant
kvar_0083,EPEGEGPPSSSSKPEEEEASKGSESSSEAEEPGSSGEPASKASEGSKGGKPKSSGAGPSSGKGASPKKPGGPSEEASKAGSAGSPSPKAGGPKKKPPSAK,100,0.3,0.3,0.29138907214378906,kappa_variant
kvar_0084,KAASKGKGPPPGGGSPKAPKPSKPKSASKSSKKKPGGKAKEEKGAPSGPSGGSASSSEAASAPAPEPPAPAKEAEGSAGEEEAEEAEAAGPEGASESPPE,100,0.3,0.35,0.338740672325578,kappa_variant
kvar_0085,KGPAAAGKPSPPAGKPAKASPGSGKKPGKPPKGSKKSKASSKGGPPSPGGSAGGKAKEGPSPPEGEAGEPEEKGSEEEEEGGAPEPAEEPGSGPPSSAAE,100,0.3,0.35,0.3687132573925026,kappa_variant
kvar_0086,EKPEGPSAKKKKKSAKSAASKGPSGKEPGEAPKPASGPKKGPGKKPSAAAEGAEAPPGPSGAAKAAEAEESEASSPAPEEASEGEPASGAGASPPGSPGE,100,0.3,0.35,0.36665054023544574,kappa_variant
kvar_0087,GKSASKGAASGPGGSAKAKKKGGAKKSKKKAGSSKPKSPAKEAASAAAGAEGEPAPEEPEGPGSPASAGGPGPSEPKSGPSAGEAEPEAGEGAGEEPGEE,100,0.3,0.4,0.41473076190057284,kappa_variant
kvar_0088,EAPEGGGSPGEGEAESGPGEAPEGASEPPEEAEPSEGEPEEGGGAKAKGKAPGGGAKGSKPPKKPPKSKPSPAKSKASSGGKPKPASSAPSKPASSAGGK,100,0.3,0.4,0.3984826494260454,kappa_variant
kvar_0089,EGSSPEPSEPAESGESASEPSEGGEEEEGGASGEAPSPEAGESPSGGSSEAPKSAPKKGPPSKAPKPSKGPSSAKAPAKKKPKASSSSKPAGKGAPSSKK,100,0.3,0.4,0.38101332629634505,kappa_variant
kvar_0090,GGASGSAPPAPAEPSPEEAPPGPEEGEEGAEGESPEEEPGEGASAPPPESSAEAKPGGKAAAGKSGPGASKKKAGGKPPKKKKGGPPKKPKPPSGAGASK,100,0.3,0.45,0.4702467343976775,kappa_variant
kvar_0091,SGAEASPPGGEGAASAPPSEAEESEEEEEGGPGGSSGGEAEPPEAGSSESPKKPKEAKSSSSKSKAGKKKGSGKSKGPKKGSSKAPAPAAPPASAAPAPK,100,0.3,0.45,0.4379088416824261,kappa_variant
kvar_0092,EASPGSGSAGAEGEEAPAAGEEPGGEEEESEPGGESSPEPESGEPPGPGAKGKGKAGAKGASKSSSGSKKKGGKSAAKPKPSSAGKPAGKGKSSGGPKGS,100,0.3,0.45,0.43778862646787137,kappa_variant
kvar_0093,GPSAAAAGSEEAAGGPEGEAEGPEEEEGGEEEASSAGAEPGESAGPPSSSGPPSAEKSGPAPGAKKPKGKKGKKSGSKSGKGKSKGSGAGAKAAKPAPSK,100,0.3,0.5,0.4821480406386066,kappa_variant
kvar_0094,GAPPSPPSPAPEPPPEAEESSEEPGPPEGGEPEESEGEEPKEPGPGPAPGEPGAKSKSAKAAPPSPSAKPKKSAPSPKKKKSKKKKPSGGAAAGAPAAGS,100,0.3,0.5,0.5092507073639149,kappa_variant
kvar_0095,PSKSGASGAAAKAKGSSPSKKGKAKKPKKKGGKGPASSSKPSAAGPKGSKPGPSSSAEEEEPSPEEGPPSGEEGGEAPPSSEESEPPSEAGSESSSEPPP,100,0.3,0.5,0.4812376302942337,kappa_variant
kvar_0096,AAAPAASEAAEPESGGGEGSPEGEEEPEEGEESSEPSESPSAEGGSPAGSAPSGGGGSKSKSAAKPSPGKAKPKKKKPSSKKPKKKKASPPGAPPASPSP,100,0.3,0.55,0.5819237366407176,kappa_variant
kvar_0097,KSSSGSSGAKSSSKASKKPSGSPSKKAKAKGKAGAKSKKGGGAKKGAPPPSAGGGESGPAAGPGPAEEEPEGEESPEGEEEEESGGASEPEGGGSGPSAG,100,0.3,0.55,0.5292782689009105,kappa_variant
kvar_0098,PPPPSGKGGAGKSKKKAGPSSPPSKKKSAKKGSSKSKKSKGGPKGASSSSSEGGGAAGSAESPSGEEEGPPAGESEEEEEEEAAGSEGPSSGASEAAPAG,100,0.3,0.55,0.5694154901702071,kappa_variant
kvar_0099,EPEGAKEEPPEGKEGGKPPEEKPKEKPKKPEKGEGGKEASAKAAPKKESSPPKEGAKPEEPSKEAKAKPKSEKEASGEKAEGGGSEKEPPSAEKAGKEKG,100,0.5,0.05,0.055098220919845425,kappa_variant
kvar_0100,GKGAGKEEKSGEEKKEKKEEKSSPEPAPAKEAAKEKKAPPAPEKPEKKEASAEKKAESGEAPEEGSASGAEEPKKEEKKGAAGPKPEKGPKAEEGGSGAK,100,0.5,0.05,0.06772272731067536,kappa_variant
kvar_0101,EKKEGSPSEKSASGSSPAAKAKPGSEEKPKEGKEKPKKEKEEGSKEPPAPEPSSPSESEKGKPGEKKKSKSEESSKESEGEKEAKEKPSEAEAKKAPPAE,100,0.5,0.05,0.07266347751312817,kappa_variant
kvar_0102,KESSPEPGSEPESEKSGPPAPEEKPEKKKAKAGEKKEEGSKGSSKKSSSSESGSEPKPPKASPEKESSKKEEKKESKPEGEKEGAGSPAKEKEKEEPKGA,100,0.5,0.1,0.09005555138127087,kappa_variant
kvar_0103,EEAEEGSESPEKSSKEKKEPKEEGKSKEGGEAKSAEEKAAEKGKEKGEPKESEKSEPEEAKKESKPKEPKSPSGGAEPGKGSPKSKPGGKKPSSGSASPK,100,0.5,0.1,0.09479743865888592,kappa_variant
kvar_0104,GEEKPKPSKESAKSPPEAGEPEAPKAKGEAKAKEESAESKSPAPSEEAAKPKEGSKSAAKKEEPKKPPASEPKEEKSKEEEEKKSKPPEKKGGGEAPSEK,100,0.5,0.1,0.08946140038904342,kappa_variant
kvar_0105,EKEPEEPPKGPKEESEAKKSPKAKKGESSEEKAGEGGGKEGPKSGEASKKESPSSEEASKGGPAEPPKSAEESAPKKEEKGKPAGGSKEEEKKKAKKPPE,100,0.5,0.15,0.12838086173934107,kappa_variant
kvar_0106,EPKEPAPSKGKEKSKEEGEAKKKEKEPPGSPGAEEPSGKKSKKEKSSAAKKEEEGKASEKEAKAKASGKPKAASEESAEEGGPSEAGGEEASKAEKKGEA,100,0.5,0.15,0.13675638039421953,kappa_variant
kvar_0107,GKKPEESSEEKEGEKKESAAAKGSGAAESESKKASAKGKGKKAAKEAPPEEPKSKSEGGPKKEKEPGEKGGKKEESKKGPSPEEGAKPSPESEASGKEEE,100,0.5,0.15,0.12933663936684453,kappa_variant
kvar_0108,KEKKKKPKKGKEKGAAGSKPESSPAKKKEKKKEPPKEKGPKSSKEPEEPGKGESEPAPEEEGGSAKEAPEKKPPPEEEGAGEPGEPEAPPGEPGEPPPEK,100,0.5,0.2,0.20987361935532334,kappa_variant
kvar_0109,KSGAAGSPASAKSGGPSPSAKAPKKAKKPKPPKEAEKKPKEESKKESSESEAASEKPPKKEKEKSEKSAAKSEGEPKEEEKSPKPAEAEEAEEEEEKGSE,100,0.5,0.2,0.19533722376670765,kappa_variant
kvar_0110,KGGAASKSSKKGSKPSKKASKKGSPKPKSGEKPEEKGSEKKGKKAKEEEPGSKEEEPKEEKEKESGSSKPSGEEGPSGAPPSESKEESAAEESEAKAEEE,100,0.5,0.2,0.1791649426870705,kappa_variant
kvar_0111,KKPGEEEGSKASGGPAPGSKPGPKASKKSKPAKASPAKGKAKKASSAPEPKKKEKKKEASEPEAKEESAESEKKGGEEEEAPEEEGGSEEKGEEKEESGK,100,0.5,0.25,0.24169208806071085,kappa_variant
kvar_0112,KSSGAGGAKKAGAGSASSGESKKPSPSKEAKKKPEAAEAEGKKPGKKGKKKKEEAKPKKKSEEAEGEAAPSEGPPEAKEESEAEGEAEKEGKEKPSEEEE,100,0.5,0.25,0.23239782603250933,kappa_variant
kvar_0113,KKPKGSPPAGKPSSPKPSASAKSGKKKEEPSGKEEAKEAKGGKKEEPSGKKAEKKPKPPKAAKAKEEEEPAKEKSPASESEAEEEEEEEAPGEASEGEGK,100,0.5,0.25,0.2674309281104685,kappa_variant
kvar_0114,EPEEPAEEEGSEESPSSPGEGEEAEEKEEGSEAGGEEAPGKGPSKKKKKEKSEEPKKSKEPAEKKKKGGESESKGGGAGKAKPKKAKKGAPKSGASKGSK,100,0.5,0.3,0.3128368272096578,kappa_variant
kvar_0115,KKPAKSPKPPPSSPKAPSPKKEPKKKGKKKAKEKPKAGKKKGAPAAKKAAKAGEESPAPPEPKEEESEGEEEKEEEEKEGAPEPSEEASPASEEPSPEEE,100,0.5,0.3,0.29722687237541867,kappa_variant
kvar_0116,GKSEGPSKEEEEEEPPPSEAESEGEEAKPSKKAPGKKAKKKPKGGGPKKGSAPGEKSSSESKEGGKEEPAGEEPKKKSAGKAKKPSKSEEEKEAGAKEEP,100,0.5,0.3,0.29668748799893147,kappa_variant
kvar_0117,EPEEAEEAGSPEEESAEPEEPEAESEPGPEGEGEKEGEEGAKESKESKEEAKKEKPAPGSKKPKKGKPPAKKGGAKPKKKAPKAPKKSKASSGPSKAKSK,100,0.5,0.35,0.34912298277690135,kappa_variant
kvar_0118,KSASAKKSKKGKKKGSKKKSSPPGPKAKSKSSSKKGGSPPKEKKASSKSKEAGEEKSGGAPEPESEKEEGGEEKEEEKEESEGSGSEEEEEPESPPESGE,100,0.5,0.35,0.338737028410182,kappa_variant
kvar_0119,KAAGAKKSGKPKGKGKPPSGSASKKKKPEKKAPAKPEEKPKKSEKKEEKKAKGKKPPKEEEAEGEEGGAGEGAGAESAEEEAEGSEESSEEPEASEAAGE,100,0.5,0.35,0.32584930832101944,kappa_variant
kvar_0120,EPEAGSSEPAPEAAESEEEEEEPEGEESPEGAEEEPAPEPGEAKEAPKKAEKPGSKKKAAKKGKPGAGGKPKSPKAKPKEEEKKGKKGKSSSKGPKKKPK,100,0.5,0.4,0.4058298394570093,kappa_variant
kvar_0121,EEPEEPAPAEGESPESEEGEEEGSEEAEESGESKPPPGEAGSGKAEAPEEGEGKKEASPSGGKKEEKKKGKKSGAKKKKKAKSSGKGGGSKAKKPKPKKK,100,0.5,0.4,0.4079576560556351,kappa_variant
kvar_0122,KASPAKPGPKKKAKKKKKSGKKKKSSEGKPPSKKGPKKAAPSAKAGESKSEKEKKEGSPEEPPSAEEPPEEEKPEPESEPPPEPEPEEASPSEAEEAEEE,100,0.5,0.4,0.3884294170193939,kappa_variant
kvar_0123,KKPSKPGPASKGPKKKSKSAAKAKKAKKKKKPKKSKSPKSPEGKEAAGKPGSPKEGEKGSEEEASEEEKEEEEGGEPESEEGEGEPEEPGAEGESPSSGE,100,0.5,0.45,0.4294598308579828,kappa_variant
kvar_0124,ESGSEGEPEEPEAEEPSPESGESEAAESEASEEEEEAEESEGPGAEEKKKSKKKESPKKKPEPAPSKGASKKGKAKASGPKKKKKKSPPKGKKSAASKGK,100,0.5,0.45,0.46955620674397497,kappa_variant
kvar_0125,EEGGESSPPGEESSEEAEESKEEEEPSEEEEEEEESGAPAAEKEPAKKKKKSKGKKEEAKGAAKGPKSSKAKAKSKKGKGAAPASKKAKGAPSSKSKSSK,100,0.5,0.45,0.4539513946285309,kappa_variant
kvar_0126,ESSEEPSPPSPEPSGEPEEEEEEPGEESESKEEEESEEPEPASEEKEKGPSEGGAAGKAGKGKAKKKKSSSGKKKKKSKPKKPKGKKGAKGKAPKAGSPK,100,0.5,0.5,0.5015825882235084,kappa_variant
kvar_0127,EPAAPEEEEPGGSAPEEEEAPEPAEEEASEEGEGPEEEEAGKEEKPGKKSPKKKAGSPAKKGEEAKKGPKKKKKKKGKGKSKSPAPAKKGKAGEGAAGAK,100,0.5,0.5,0.4843439276679945,kappa_variant
kvar_0128,KKGKPKAAASGAKKKKKSKAGKKKKSKGKKEKAKPKKAPKGGPKSKGPSEEGPGEEKGSAEEPEEEEEAAEEEPESEESEGAEGGPPGPPAEAEPSEPEE,100,0.5,0.5,0.4925362119200879,kappa_variant
kvar_0129,EEEEEEPPGEEEEGAGGEEEPEEEEEAEEGSSEPPEKKGEGAPKGEPGASKAPKKKKSAAGPAEKKKAKKKKKPKKKKSKPAKKPPPPKGAPSPPGSGGK,100,0.5,0.55,0.5439931207787554,kappa_variant
kvar_0130,EPGESGEPSEEEEEAEGPGEEEEEEPGEEEEASEGPPGGEEKPEGASPKEAKSAEAKKKASKSKKSSKKKKSKSKKKKKKGAKKAGKPPAGSPGAGKASK,100,0.5,0.55,0.5388684348936817,kappa_variant
kvar_0131,KKSPPAGPAKKKPKGAPPKKKKKPKPKSKGKKKKKSSPKGAKKKGAPGGGSPPEAKAKEEESGGEPEEAPAEEPEAEEEESEEEESEEEAPPPEEEPGAE,100,0.5,0.55,0.5684402367654308,kappa_variant
kvar_0132,GPSAPASKKEASEGAKAPPPAESGEAPKGESKAASGAGKSGKGEGPPSAEESSAEPAPKPEKPKGEKEEGPSPEAGPSPASGKSSSGKPEKGKASASGGPPSAASKSGSESSSGPGSKSSPEKEAKKEPSASPGPGAGEAPEGEPPSSAPAPPSKGGPSPSKSKKASEPEAGPAKEAKSGEPGSEKSEKGKPAAPGAEKE,200,0.3,0.1,0.12343427428556066,kappa_variant
kvar_0133,PGGKSSKGPPGAAAEGKAAGAPKEPSSESGGAKPSAASASPKSGKAPGSGESSESPGSGASGPEGAGEAGPGGSAEGGKPPGAPAEGKAGGSKEASAKAEGAEPKKEGGGGEAKASPGSGAEGKPPGEKGKEGPPSEKGPKSPGEAGKAGKKGAEGGAAKAAAPGGKEEAEPEKEPAPGEKGEPKGKAKEAGSSKGPEAE,200,0.3,0.1,0.11344056072340994,kappa_variant
kvar_0134,PGPEGKKGSGGGPGPPSGSKKKGPASSSESKKPPPSPSGAPPGGGPKPEASAAAGPPAGPEPEKPGKSAKEEAAAAPKEASGPPSAGGEKGGGESSAGPEAPGPEEASGEPGPPKGPSKESEGPKPPSAPAKPEPPGAKGKPASSESKPEKKSSEGAPESKPEPKESAPEGPSSGSKPKSAESKKEKEAAAGPESEKAEP,200,0.3,0.1,0.12250499559278182,kappa_variant
kvar_0135,GESAKPEKKESKSPPSAGSAAEAPEAPPKAKEGGGGESGKPGSKPGPGAAGESPEPSEPSPPASGKPEPKSASSSPPAPEASKASGSGEAGSSEEKAAGEKPESGKKKGAKPESESGEPPGPAAKEAKGASKPSPKSEAGSKEGKKKAAKAKGGSSEPAPPAPAKGKSSSSSSPEPPASAEEGSSPEAKEEGPAASPGSA,200,0.3,0.15,0.16662210231009822,kappa_variant
kvar_0136,KPPAASEKKGKSSPPPGASAEGSGSSPAEAGPGGEAEEGPGASAEAESKASAKKESGAAAAESPGKSKSGSEPGGPAGPGEKAAKGASKGPPKAEPAGEGKKESKKGKPGGEEAKKKGEPGPAKEPGSSEAASGSSGGKEGEKGAGGPSSGSGGSGEKSPGSSSGKKPGEGPAEPAKEAKGASGSSGEAAGGPGEEAKEP,200,0.3,0.15,0.14049342944200588,kappa_variant
kvar_0137,GAKEPGGPEKKKEGGEEKSEASAGEPKEAAPAGPKKPAGSGSESKKSKPAAPGPSSPSAKEGSSGPAPESPEEPGSESPSKPSAAAAKPPSKEPEGSKAAGPPEPGESEPGESASGKAAGSAGEPASAPAKAGGESEKPKSEEKSKGGEAKPAGPPAKGPGSPGSKKPGASKGAGPPSAEPPPKAGSESKGSPGPGEKEA,200,0.3,0.15,0.13833438032725268,kappa_variant
kvar_0138,GKSGGGPSSPPGEAPKSPKAPPEPGGASSAGKEESEAEGGKAPGAEAGESSKESPAEGSKGGEGPPPPPPSGEEKSGAKGEESGGSEGGAKESGAEAGGGPSGEPSKAPGKSPGGGPPKSAPSPEEKGSEGAKAPPGKKKKSKSGPAEKAPKSKKKSPAKGKKPEAAGAEGGGSGAGGGKGEESGASAEGPGAKESASSE,200,0.3,0.2,0.20665545846252967,kappa_variant
kvar_0139,ESEGGSSGSPPAAPPGAEGPAAPGEPGGASEAPKGAEGPEASAKKGSAAPAPAEGGKASKEEAEEEGASEGEPAEAKPASGKPEAPPSKEEPAPEGKKGGKAKSAGSESGKEKSGSPPKEKGESSEKAAPAKPGKGSAEESSESSGAPEGAKSGPKGSAKAKKGGGAPKAPEGSSSAGKKAKPAPAAPPAAGKGGSGGSK,200,0.3,0.2,0.2135250361302391,kappa_variant
kvar_0140,AGPAPSSGSAPKKSGKASESPKAGGEAESAKEGGPASGPSSEEEEGESGKESGASKGGSAEPGPSGGPKEPSGKKSKSPGSAKAPAKAPGGESKEGAKGASAKAEAKAGPEGSGKGKPASSSEGGSGEKASKSKEPGAAAGKEAPESAGAEKPEPGKEKEPEPSPESESSAEPSGAAAAASKKGGGSSAGSKSASPSESK,200,0.3,0.2,0.1838873899873378,kappa_variant
kvar_0141,KAAPSSKSEGEGSSPEEEAEAAEEASSSGPSAGEGASGEEGEKPGAAEASPGSPEEAEAPPPGESPGGAESSEKAASGGEGAPSAPSGEGPPGEGPKSAAPEASEAKEGKPPAPKKGSSKSAGGSGESAASKGPPKAKGKPKSAKGKKPEPKASKPSESSSGPKAKEKPEGPGPSAKAGAKKSKKSSPAAPSKSGSGPSK,200,0.3,0.25,0.2589893824078176,kappa_variant
kvar_0142,EPGSGSGSSAGSESAPEEPASSPPEASKSGEEPPSSESEAAEESAPEAAPSEEKGAEPSEGAASGPEPSKASSSGASEEPEGGPGKEPSSKGKGPSAKGPSASEGEEGESEKPSGSKSESAGKKKPGKGGSKGEPKKKPPSAKPEGKAEKAPSSPAKGPKSKPKPPSPKSGAPGSPKSPPSSKGAGSGSGKPAPKASSGK,200,0.3,0.25,0.246943135702045,kappa_variant
kvar_0143,GAKAKPPGPEKKAGEAEPEPASPGKPPKGKGKKEKKASSEKAPAKKEPEESSSPKKAGGPPPSGSEGPGGSGEEGPSSPEPSASEPGASASSEAGKGKKAGPSEPGGKPSAAPPKEAEEAKGSGKGPSEAGSKAKGPAPEGSGAAGSSAKKKPPPKEPEGSPAKGPPGAASSAGGGPGPSGEESEAGGPAEPEGSPEEAS,200,0.3,0.25,0.2339393772623347,kappa_variant
kvar_0144,KPAGAGGKSSAKKSGKKPKAGKKAGGSSPGKSGPAKKSGAKPPKSKPKSKPGASAPPKAKPASPKKPSKAAPEKKKSGGASKGGEEAPSAKGSAGGKSKSPGEPPGSPEPAGEEAGPPESPEAPEPAGEEEPKSEPEGSSAPEPSPSGEPSEASEAESESGEGSGEPPEGASEAAAEPAGGGPESSEGPASAPGGGEAAE,200,0.3,0.3,0.3142024277730792,kappa_variant
kvar_0145,EPGEEGGSAPPASEPESEGEPSPGPAEAESGESSEPEEEAAGEASPEGGSEPEEAPESEGGEPASKEEKSEPPGAGPPAAPPPPAPPEEAPKAPGKKASPGSGKSGKGPGKAGGPAESSGAKAKSSKAEPKPKAPASEGSKGSKPKKAKAGAAGSSKSGKAAKSASPKPKKPGKSSPAAGPSKSAAKSAGPKPAKAAPPK,200,0.3,0.3,0.3219879014035979,kappa_variant
kvar_0146,EPPASPPEPGGEKGGSSGSAGGGEPGPSPEESPEEEGEPPAGPGEEGSEGEGEPGSGSEPKASPGEEAGESEGKEPPSSSESEASASKPGEEGSPASSPEEKPSKEPASPPKEAKSKGSASGGKAKPKKGKPASKSSAKKGAGGPKPAKPKKPSPPGGPAEAGGGKGGPGGSKAKGGKKPAGKPAGAPSKSGKSGSPGGK,200,0.3,0.3,0.2964350751911655,kappa_variant
kvar_0147,KPSASSPKGAPAAPAPGKGKAPPPKSGPKGKSKGGAKKKPKAGAKAAGKKASPSKPGPPPAKKGGGKSGAGAKAPGKKKKPAPAPKGEPKAKKGGAEAESEEGAAEGGAAAPSSPAAEPSSGKEESSGESGAPEASESEEGAPEPPAGGSEGEAAEESSKEPEASGEEGPSSAEPEPPEPGPSEESPGGSSPPSASSSEE,200,0.3,0.35,0.3363305771442115,kappa_variant
kvar_0148,EPPPGGESAEAPSAGGPSAPEGKPSSEAGGAGEESPEESAGPPSGPGEEEPSGEEAAGAPPPEEPAESEGEESGSAGESAGPESGEEEESSKAGESASAKSEKKEPAGKASAKASKAGSPEPSAKGGSAKPGKKGPPGKGGKSKKSKAASKGPSKSGASPSGKPKSKAGKGKPSGPSGGKGAKASGGGKAASKGGSKAPK,200,0.3,0.35,0.327531599976733,kappa_variant
kvar_0149,EEAAAAPEGAPSSAEAPESEESASSSESEEAEEESSSEGAPPAAEESEESSAEEGAAPSSPGGESEPGGGPAGGSEAPEAGSSGEAAGSSSGGKEAAAAAGGAGPSGAKKKPSKEEKAPSPSKGGKEKGGKSAPGPPEGPKGPPSPGAAKKPKKSGKPAKAKKKGKSAAKKGGASAKSAGKGGSGAKSSAAPAKPPPKKK,200,0.3,0.35,0.3490588240558035,kappa_variant
kvar_0150,KPKKGSSSKKSGSKKSASAAGAKGSKGAKAKKSAKPKSKAKAGKGPKGKGKGGKSSKPGPGAAASAGKPAAGKGASPKGSPGKPSAGSASPPAEGGKKPPGASEAAAEGKGPASPSEEAEESGASPSPAAKGPEASGEEEEPAAPPESEEGEEEAEEEPEPPAPPGEEAEGAPAPGEPEEGPGGPESGASSGAEPGPASS,200,0.3,0.4,0.4243883586804293,kappa_variant
kvar_0151,KSKPKGAKAKAKSGKGKSGAPKKSKGKAKSKGASPGGSPPKKAPPAKGKKGPSPPASKKASKPGAGAKPSSPKAAAKPKGAAPKGSASPASPAKKAGAKPAEEGAAGPGSGESAESSEESGEEEPASEEEEPPGEPPPEPEAGESPESEEGGAAPPAPPAGAEEAAESPPPPEASASEPPAGGPEEAEPSEGSSPSSSAE,200,0.3,0.4,0.40575488709020635,kappa_variant
kvar_0152,KPSGGSSASKPGAGSKGGKGGKKSPPGSPGSKKPAGKSPSGPGKSKAKKGAKGKKPKAAGAPKKKAKKSSKKSGGPAPKSGPPGKSEGAGPKSAGAESKSAAGPAGGSEPGASPASKPSKGEAGEEEEPGESGSEPAEESAESAESAESSEEEEPSGPGGEPSAESGPEEEPEEPSGESSAEGSGGASGEPAGAAAPAAE,200,0.3,0.4,0.41976245766162346,kappa_variant
kvar_0153,SAAPGAASAAAAGSPGGAKGPGGKPKKSKPKSGGAKKGKKASKASKKKKGGPSSKKGAASKGPKKPAKGKKKASKGKKAGPKAGSPKSSGGSSGAGSPSASKPSASSPSEEAAAESGGPPEPEGSGEEGPSSEPGPPGEGEEAPEEEPAESEAEEGAEPSEPEEGASEEGSEEPPEASGAEPEPGSSSPSPPGPGESSAP,200,0.3,0.45,0.47238050175170054,kappa_variant
kvar_0154,SSPSSGGAPSGPGGAGPSAGGKAPPKPPAKKKSGSAKKKKAAAKPKSASKKAKGKAASKSKKGPPKGKPKPKGKAKKAKSKPSGSKPPPSGKGASGAKAPGGEPSGSEGGGASPSSSEEEPPEAPEEPEAEPASAGPAEEGEEEPAPEEEGSEGAESSEPESSSPPGAEEESASPPEGSEGGPEPPGAEPPAAAAAPPGE,200,0.3,0.45,0.4607407481979616,kappa_variant
kvar_0155,SPAGPGSGPPKGKAPSASAKKSPPKKPAGPKKKKGAKKKAPKAPKKASAAKAAGPGAGAPAKAGKSKSGSPSSSSKKKAKKAPKPPKGSAAAPSEGGAEAAKKAAPEAPSSPGPPKSAGGSPSAASEPASESPEPEEEEASEGPESAEEGGSEAPPPEEGPGEAEGEEEAAPGEGEAEEGPEGSSEASAAGSEPGSAAGE,200,0.3,0.45,0.44699559725633825,kappa_variant
kvar_0156,SGSSEAPASGPESSPSSPSEEAAGPPGGGESPEPAEEGGAPSESSAEAESESEEEEEAAEEPGEEAEEAEEEGGAAPEGGSASGASEEEAGAAPSSSPGGPGSSPPPGGSAAAPGPAGSKKASPGGPASKSGPKPKKAKSKKKSKKAPAGKPAPGKPAKPKKKKAKGAKKAGPKSAPKKAKSKPAKKAPSASASPPPSPK,200,0.3,0.5,0.524147303990657,kappa_variant
kvar_0157,SASGAPPSKPASPGPSSAGPGASPAKKGGSKKKGPKSAAKKPSKKSKAKKPGKGKGAPKKGKKKGKPKPSGPGGSAKPSKKPGSKKSGGAPGKSSAAEPGAEAGSEESAPSASPKPGPSGSGSEPSAPEEAEEEAEAESESEEAEGPEAAPAEEPAGSSEAGESGGSAEPSPESGAEEEEGEGGSGPPGSPSSASEAGGE,200,0.3,0.5,0.47792050900011995,kappa_variant
kvar_0158,PAASPSGPSSAAGSPAASSSGPGEPGEEGESEEAAEESAEPEGGEASEAEEGEESPEPEGAPPEESPEAGEEGEEEGPEPAPPGAEEPGGPAPGGAPAGPSSGPPGGAAPEAPKGASAKPKSGKSASPASPSAKAKAKKKGGKKPKKKKAPAPKAKKAPKPKSKKPSPPPSKKKPKGSAAAKKGSSKGPKSSAGAGGGGA,200,0.3,0.5,0.511160552490637,kappa_variant
kvar_0159,AASSAPGGGGGGSPAGGPGPKKKPGASPKGKSKKSKKPKKPGKSKKKKKSKKSKKKSKGGAPAPKKGPAPSPSPGKPKSKSPGPAKSPKGGSSAASSGGPPPPGSAAPSEAAAGAAEEGGASAEAPGESEESEGPSEGEEEEEEPEAPGEPGSPESGGEEEESEGGEEGESEAEGSEAAASSSAPESSPGGASGAPGASG,200,0.3,0.55,0.5686807876615789,kappa_variant
kvar_0160,GPSSGGAPPKPSASPSPGPKKAASPGKSKGPAKSSAAGPPKSSKKKGKSKKKPKGGGGKGGAPSKKKKSKKPKKKKSKKGGSSGKAPAAAAGSGGPAKSGSGPSGSASGSAAAAASPEGASGSPASSAEESEEEEGPSEGSSEGEEGPEESSEEPEEPAEAEEEEPESPSAEEGGESEASSGEGPAEPSSASSEAGSASA,200,0.3,0.55,0.5484939395159665,kappa_variant
kvar_0161,ESPSPSGPSSGEPSSSAPGSASESEEAEGEPEEEGGEGAPPSPEEESSEEEGPEEESEGEAPEPEPAEAESAAAAEAEAGEPSGEAGGASSSASGSPAASGASGSGPPPPKSSGPGSSAKAPSPKSGKPKKKKKKKKSKAAGSKKKSAKKKKGSKKPAPGKSKAAKGKAPKKSAKSGPAPPAGGGKPAPGPGGPPGSPAS,200,0.3,0.55,0.5449935569604959,kappa_variant
kvar_0162,KEEKEAKKEGASGKAGSPSPEKKGEKKPKEKKEEKKEEPGAKSEEEKEGESPPKPGAGEGEGKSEKEPSAPPKEKSPAESEPKPKEEKPEKPPESKGEGSGKAGEAEPAEKPPAPPESKGAEEKAKAPAKPPEAEEKSEGKKKKEAKPKEASKKEAAAKEKPSPAAAPGPSKPEGAEESKKSSPPAGGSEKKEEEEGSKK,200,0.5,0.05,0.06572320689691288,kappa_variant
kvar_0163,SEAEKEPGPKASSKKPSSKEKEKESAKEESGEAEKPPGAAGKAKEEAEKPPAAEEGKKSAKEKEAEGKKKSSEEKEKKSEEKKEGKSEKKSGPKEGEEPAEPESKKPGGSEKPKSEPKPEEEKKGGKPEGGKAEEAKPSSKGPPASASEKPEAPAGSEPASKEKGSESPPAKAGSAAGKEEKGKEAGAAEKAEKKEAEGK,200,0.5,0.05,0.07251758272838688,kappa_variant
kvar_0164,KPSEGEPKPAKGKPKPEKPKAPPEKSPSKGSGSGEKEAKKKSEKGEEEKKPAPEKSKKESGSPAPKEGKSEAEPAKAAEEGAKSAKEEGGEESPSESPAEKKEPEKKEPAAKSPEGAEKKPEASEAKESEEKPKKEPSGGPEPKEKGSKPKSEKESEKKSSPGKEGAKESSAEKPSEAPKEKGPGPKEEEGKSEKESPEA,200,0.5,0.05,0.06918864900537375,kappa_variant
kvar_0165,AEAGAKEGGPEKPPKSKAKKEKEEKKGPAGPSSGKPPAEKKEAASSKPEGAKGESAPPSKSKGGPAKGSEEKEEKPGSAKAEEAEPKKAKESKGSPEPKEKPPPKGEKEKESAAESAEEASEPKEKESPEGEEGEKASEPSAEPKEEEKPKASSKAEKKKGKKEAKEGSGKKKKSAEGPEEKEPPKEKPGGPKEGAAEEE,200,0.5,0.1,0.12332736767124441,kappa_variant
kvar_0166,KPPAGAEGGPGKGPKPASAKSKSASKSKEKKKSGEKEAGEPPPGPAEKSEEAPPGKEAEEAEKAEGAPGKSPEAPKSEPSPPGGEKEKEKSKSPAEEEPEPKPGEKGAKAKAESEEEKKPKEEKAPSKKEEPKSEKSGKEAPGPAEKPGKPKPGAEKPKGAEKEGSKGKAKPEEEGKKKKEEAEKKPPEKKEEEESESGE,200,0.5,0.1,0.11989215978965677,kappa_variant
kvar_0167,PSKAPEGAEKKPEPESPKPEGEKASGPPKEAKEKKSAGPAEKGAPEAKKSKPKKPSGEEGKSEKKPAGPGPPESKESEKEAEEAKKEKEKSGEKGEKKAGEKEEGPGEPKKKKEPAEEEPPESAEGEAKGKKEKEESAPPAGEKKSEGAAAEPPEAPPEEGAPKASGSGEGPPGSKGAKKEAEKEGKEKKPEKASKKEGK,200,0.5,0.1,0.10825005499512913,kappa_variant
kvar_0168,GEEGESAEEKEEPPAEEKEGSAGEKGPKKPSESGKKEESGPEESEAKGSKPPEKAEPPAKAGAKEGGEPEPPGKKGAEPEEKEKSGEPEGGEGEKGEAASKEAKSKKAGKSPAKKPSPKGEGPPKKESGSGKKAESEKEAGEEAKEKSPKKEGSEPGASASKAKEAKKEEGKKPPGGKKGEGKKAEKKKSSKEPEAEKSK,200,0.5,0.15,0.13180321957198085,kappa_variant
kvar_0169,KPEEEGPAEKKSAEGEGEKPSEEKAEEPPEPGPPEEEEKEGGAGGPEGKKSEKSEAPEKKEEGEAEGKEGEGGKKKEEKPEEEEEKEEAAKEKEPEAPESEKPSEAKASEEKGASKASEKKKKPAESEAKKAPKKKAAGGGKGEKKSGKKEKSAASPKKPKSGKSSKSPSKSKSPAAGGAAPKSKPSKPSKSAGPEAAAK,200,0.5,0.15,0.16874078438766843,kappa_variant
kvar_0170,GGPKKEKEAAGAPEAEESSAKPGKGPGAKAAEEEPKESKKGSKAESGGPKPGPEEEEASKKSGKEKSAGAKKEEESEKKASSAKKGPAPAGKGKEPSESEKEGAAKSSKGGAKEPSEPEKEKKAGAAAGAESGEKEEESESEEKPEAPEAKKKKKSKESSGKPPAKESSESKKGKEKSKEAGAEEEAPEEKKEKEKKAAE,200,0.5,0.15,0.17429698155306253,kappa_variant
kvar_0171,GEEEEPAEKEAGKSEKPGAEGPSKSPEKKGESEEEEGKKKPEKKESGKPPEAEEPEPKEGEESAEEKSAEESSPKKKAKKGEPSAEEPAAGEAKKKEEPGGSSAKAAGEESPGSPAKPEKPPSGGESSPEGKPSKSEEKKGPKPGKSEEKGAPKGKPGKGKGKKGPESEGESKKKAKKEKKKKPPEPSSKPPEKEEPGKP,200,0.5,0.2,0.198764681080628,kappa_variant
kvar_0172,ESKKKKSPKGGGKKEEKAPKGPEAGEEKAEEAPAKEEESKGSKESGKPSKGEKGAAPKKASKKEASKAKEPKKSSSKGESAAEGPEGKKSSEAPESPPEAGSKKEEKKKPPKEGEEAAEGEEEEEGEESKKSPKSSKPSGPASPKEEGEAKKPPPGSEESKKPAEESSSEKAKAGGKSAKPPPSEEEEGKKSKPEKEESE,200,0.5,0.2,0.20207303091249984,kappa_variant
kvar_0173,KEPSSAESEGEPAGEKEPEEEESEKEEEEGAPEEAEEASSEKEAEEEKEGSEGESPSEKKESEAPGGPEEEAEKSKKEKKKKKEPAPSKKEKGPPEGPEKKSKGSSSGKEASKEKKEEPAPASEKPSKKAKEGPPKKGKPEKSKKPPAKSEKPSSGKAKSEKAAPASKKPAGGKAAPAKKKSPGPSPEAAPGKAKEPGKK,200,0.5,0.2,0.19544652378408364,kappa_variant
kvar_0174,KSPSAKEGAKKKKESKKAKPAPKKGPPASAAAGGPPKPAKPKKEEKAEKEEASKASSGKKSKPKEAEKKEKPGPGKKKKGPSSPGASSSKKKSEEKEKEEEAAKKGPKSESEAKAGEEGSSKKEKGEEAPEEEEEAAEPAEEEAEGEEAEPAGAESGAESKGKPPSSEGKKKGEEGAEGEEEGEEPKAEGPKPGPEKSEK,200,0.5,0.25,0.24410856300346717,kappa_variant
kvar_0175,EESEAASEEGKSAESEEKGEGPEAPEEEEPSPGEEEPESEASKEKPEKAKKPKEGESEKPAKEKKEEEPEEPEEEEKEEAAGSEEKSGESGESKEKAKSKKSGKKKEKEGAEAKGPGSPESSKEKKPKKASAPPKKAGEGSSEPKGASEESKSAKKGSKSGSKPKPAAKGKAAKAKASKGSGGSKKPASAAAKKSKKSSK,200,0.5,0.25,0.25367931030870544,kappa_variant
kvar_0176,KAAPAEPEEESAEKAGEEAPEEKASSASEAEEAGPGEEPEEEPSAAEKSESEKESSPESEEEGSKSKAGEAPKSSAEKSGEGPKEKEPEKPKEKEEKKEKKEAAEPEASESEKAEKGKAPKGGEPKAPAEPPPEGKKKKEPSEGPAKKKGSKAKGEKGGPKASSEGEKAKKKKKKSKKPAGKSGSEKPKSSKSSKSPKPK,200,0.5,0.25,0.23147256528707444,kappa_variant
kvar_0177,EEGPGPPASEEEEKPPSGEEGSEEKEGEAKEAPGSEGSEEAEKEPSGEPEKEEEGAGESAKGGGEEEEEEAAEEEPEEKGSAAPEGPEKEGPKEEPKEAEEAKKKKSAAPASPEEKEKEEKKEGAAGAGKKASKGKSKGGKKKKSKPSAGSGGKKSKKEKKKASKKSKPSAKPKSGSPSPKKSKSPPKKSPPKPKGKKAK,200,0.5,0.3,0.29178393723222584,kappa_variant
kvar_0178,KAEPPESPEPKPPPEAESEEESEGEEGEESSEGGPASAEEEPPEKESSAEEAGKSPASEEAGAAGPEEAEEEKPEKKAEKEEPPEKPEEEEEAEKEAKESSEPSEEKSGEPKKGKKSEPPKAAKKPAGAKGGKKSKPKPKKEKKKKKESEKPKAKKEKKPSKKPKKSAPSKPSKSAGPPAAKGKKKGKAAGPPAAGSGKK,200,0.5,0.3,0.2952620910719335,kappa_variant
kvar_0179,KGSGGGSKKKKAKGPGKASPAAGPKKSKKGSKASSEPKSSAKKSKPGGKKKESEEGKPAGAGSKGPAKKSKKSKKGAKAPKGKKESPKEEPKKEKKGEGKASKAKSEEKKEEPKSESKKPKAEGAPEGSEKEKAEPEAEEKSGEKAAAPEPEEEESPESPEEGESSEEEKEEAPSEAPEEEEESEAEESAGAESAAEESE,200,0.5,0.3,0.2960347333521886,kappa_variant
kvar_0180,KGEASSSKEPEEEEEAPEEESKEPGESPSEPEAEEEEEEEEGSEEGPPSESGAEAEEGKEEAGSGSGEAAPGAEGGEKPSGEPEEKKEKKEPEPEGGKKESGESPSEEKEKKKGKPPKSAASSESSKEPEEKPGKKPKGGGKKKPKKGKAAPKAKKKGKGKKPPSPKGSKGKGASKKKGGKKKSSKAKEKGGPKKSASPK,200,0.5,0.35,0.3480686443962579,kappa_variant
kvar_0181,ESEGSSGKGPAPEGAEEEEEGPPPSSESAPEPEEGEEEEGEEASEEAAESGAEEEESAAKGASGGKEEPEEEPESESAESKPKEPKGGGKKPEKEKEKAASEKEEEEKPAGKKPEPSGGAPKEKKSPPGEKKSEKSEKKGKKKKKKGKAKKKEKGGEKSAKAPSKSPGGPSKKGKKEGSKPKSGPPASAKKSKKSPKSKK,200,0.5,0.35,0.3259442899343201,kappa_variant
kvar_0182,EEGAPGGSSEAAEEEEEEESEEEGPKGEEEGEGEAAEPGSSPEGKKSEPEEPEGGPSSEEPEGPESEEKPPEKEGKEKPEEEEEEAGPGKGKSEESSKEAKKSKEKEKKAKEPAPKAEPAGKSKSKKEEGAGGKKKKKKSPSPKEKGKKKGKGKESKSGKPAAPKKPKKKSGSASKAPKKGKASGKGPAGAGAAGKKSGK,200,0.5,0.35,0.33433951635712283,kappa_variant
kvar_0183,EPSAGEAAEAPSSSSEPEGSSSEEGEEAEEEEGGAEEGPEESEGEPGSKEEASEGEEEKEGAEEPPEPSAPSGEEEEEEEPEEGEKKEEPPGEKPEEESSKAEGKEGPAPASEKPKASKPKAEKGEKKKKGKPKSKKASAKSPSSKGKAKGPKKPKAKKGKSAGASAKKKGKKKKAKGKKSKKGSKPKPKKKPKPAPKGK,200,0.5,0.4,0.42286691440662877,kappa_variant
kvar_0184,EEESEPEESSPEPPSEAAEEEEEEAGPEEESEKGEAPEEPGESEGGSESEEEAPPSKGPESASGKSEEGKGPPEEKEEEEESPSGEEEEEGSGPKKKKAEPEKESAPEPKGAKAAKKKKKAGKSKPKGEKEKGPKKPGPKPPKSESKEAKKKKGSGPGPSGKKKKKGGAKKSSGAAKKSPGSKGKPKKKKKSKKGSGPSK,200,0.5,0.4,0.409939759383217,kappa_variant
kvar_0185,KASGASKSPPGKKKKPSGPPKKKSKKKGPAAGAKGAKGGKKKAKAKGKKKSKPPPPKSAAAAKKKKAKEKKPKKAKKKSKKGKESKSPKSAPGSSPAGKPPSSGAKKPEKGPEESPGEGGEAAAEAKEPEGKEEKEEESEEAPEEAEPESEEGGEESEEAEESEESKEEGEEEPEKSEAESESAPGEEAEEEAEEPEESE,200,0.5,0.4,0.42467762902904793,kappa_variant
kvar_0186,EAPEAPAPGPGAEEEEEPEEGSGEEGGGSSPPSPGEEEPEESEEEGSEGEESPEEEEGEESEESEEEAEGGAGESEKSGSGKESGEGEGGEGKKKESPEESPGKSESKKEGESGEEPAKKEAPAKKPKKAPKKKSPEPKGKPKSAGKKAKKGKSKKKPAKPKKKASKKKSGKKPGSKSKASKKKPKSKKPGPKKKSSPKK,200,0.5,0.45,0.4569259948880716,kappa_variant
kvar_0187,EAEESPSEAEEEESEEESSEEEEAEAAEEAEEPEGEEAEGSPEGAESPPEPEEEEGPPGEAEPGGEESEPESASEKKAAEEEKSSPEEKEPPGAKEPSKKGGSEEKKKGESSKKKESEGGGSKAAKSGKSPKSKKKKKKSKKKKPKKSKKKGKAGKSKKKAKKAPKKSAPGGSASGKPKPSKAKPKKGAGSKAKAAAPGK,200,0.5,0.45,0.44999896294899594,kappa_variant
kvar_0188,KKSPAKKKASPPSKSGKKSKKSGSPKAPPGKSKGKKAKGKSKKGKKKPKKAAKEKSGSGKSSESGKAKKKKGKKKGGKPKSEPPEKKPKSKKKGPEKPAPAEPEAESESPKKESSESEEKAEGASAKAEEPEEEESEEEAESSEEGEAEKAGEEEEEEESEGEPEGEPEEEEKEPASASPEGAESSSESEGEPAPPSAAE,200,0.5,0.45,0.4342764159936312,kappa_variant
kvar_0189,EGGGSEEPSEEPESEPAEPEEEAEPEAEEPEEEGAEGEAAEESESGEEEEEPAEEGEAEESPSEEEPEGEEEEEEKSESKEAKGSEEEGPKASEPGSSSAPGPGPGGPKSSGKSSKGGEKKKGKKGKKKKSSKKPAPKGKSKKGKKKPKAPKSGKKKKKSPKKKPPKAKKKKPAGGPKPKPKGKASPKKSSKKPAGAKAK,200,0.5,0.5,0.5169436561809293,kappa_variant
kvar_0190,EEPSEPGEAPESESEESEEPEPPEPSESEEGAGSGPGEEEEESAESEPEEEEGAAEGAEEPEESEEGEAEEEKAKKESEKESPSGEESPAEGPPEEGGEEKGPPGEAASESPKKKGKKKSAPGKSKSKKKGKKKKKSKKKKSKEAKKAKPGSKSKGSKKSAKPSSPKSSSKKKKSGGKKKKGKKKAKAKASKPPGAGAPK,200,0.5,0.5,0.4915597797052265,kappa_variant
kvar_0191,EPASEEAPSEEPEEGSGEESPEGAGEPPEAEPASEGEEPEEGSEPEPGAEEEAEAPEEGESEEEEEAEESEESEEGEEEEGAPEGEKKSGSGEKSPPGESSAAGEKSPAAAEAAASKKGKSKKEEPKPSKKGKGGKKPKGKKKKSKSSKAKPKKPKKKKAAKKKASKGKPSKKKGPKKKKAKKKKPKPASASKKKSAAAK,200,0.5,0.5,0.5245013382148059,kappa_variant
kvar_0192,KAKPPGKAGASSKKPKSGKGGKKASGGGKKGAGKKKSGKPKKKSGAKKKPKGSKKKKKKKKKPKKPKKKKPSAPKKASASKKAAAKKKKAKAPPKAEEKPSAKSSAESAPGGKGEESEPEEASEPEEESASEESEAEAEEPESSEAEEAGPEEAEEEGEEEEGEEEEEEEAEGPEGGEEEASAEEPEAGEGEGGAGPEPE,200,0.5,0.55,0.560341244775463,kappa_variant
kvar_0193,GESESPAEESEEEAPSGSESAEPPSAAEEEEAEAPEEGAEGSSEEEEESEEESSEEEPPEEEEEEAEEEESEAPEGEAEEGAPEKEEEPAPEASSGKSGEGKGESKSKKGPAPAKGKKKPGAGGPKKASPKASPKPKKKKKKKKKKKSKKGKKKKGSKKPGPKKPKKSAKKGAKSSKKGKAAGKAKAPPKKKKASSSGGK,200,0.5,0.55,0.5730494118140017,kappa_variant
kvar_0194,PESGSSGAGAEEAEGAASPEEEEEEPEEEAPAAEEEEEEEEAEPAEEGEEEEEEEEEPPEEGPSKEAESESEAESEAAESGEPPEESSSESKEEPPGPAEAPAKAKSAPKSKKKAKSKAEPGAKSKAKKPKKKKKKKKKKKPGPKPKSKSPKPSAKGPKAGKGKKKGPSSKKKGGKGKKASKPKGAKGKKKKAKGAAAAK,200,0.5,0.55,0.589618883756011,kappa_variant
