seq_id,sequence,length,ncpr_target,ncpr_actual,fcr_actual,kappa_actual,n_pos,n_neg,subset
ncpr_0000,GEAESEEAGGAPEPEEAEESESGEPASEESSEGAPGPESAGPEEGPEEAE,50,-0.4,-0.4,0.4,,0,20,ncpr_series
ncpr_0001,PEEPSPEEAEGPEEEPPPAEASPASEAEGGGEEASEEGEAEEAGEPEAGS,50,-0.4,-0.4,0.4,,0,20,ncpr_series
ncpr_0002,EAPGEEESGSGSEAAEEEEGEPSPSEEEPESPSAPSAEGGSPGEAEEEEA,50,-0.4,-0.4,0.4,,0,20,ncpr_series
ncpr_0003,SEAEGEPSEEEGGSEAESPGAAEEEESAAPESGEPEPEGEASGAAGSEEE,50,-0.4,-0.4,0.4,,0,20,ncpr_series
ncpr_0004,KPGAEEEPEEKSEESASSPGEAESGPPEGGEEPGAGEAEEGESSEPSESA,50,-0.3,-0.32,0.4,0.1805171212397939,2,18,ncpr_series
ncpr_0005,ASPEEPPSGAEEEPKAGAEGPGEGEAPSSAPEEEGEKSPSESEPEEPEES,50,-0.3,-0.32,0.4,0.22086580370729042,2,18,ncpr_series
ncpr_0006,AGSEAGEGGEPGEEAAPSPSPAKPEPAGEEEGGEEAEESEGSPEPEEEKG,50,-0.3,-0.32,0.4,0.2467711151361603,2,18,ncpr_series
ncpr_0007,SAESSESESSSGAGSPPEKEEPSEAPEEAGPAAEEGEGEEGAEAPPKEEE,50,-0.3,-0.32,0.4,0.17909784431647194,2,18,ncpr_series
ncpr_0008,EPPPAKGAGPPEEGEGSEAKPEGAAEEPPEKEPSASKGPEKEAEAEGAGE,50,-0.2,-0.2,0.4,0.15712442528011022,5,15,ncpr_series
ncpr_0009,SEKAPEGEEKPASPPGGAPGAKEAEEPPGEEEGEPPGKEKEPGGEEGPAP,50,-0.2,-0.2,0.4,0.20856133007203428,5,15,ncpr_series
ncpr_0010,GAAEEEAGGAGKKPSAEGEGEESPASKPEAEASGGKKSEAAESAEPEEEA,50,-0.2,-0.2,0.4,0.3002349312017214,5,15,ncpr_series
ncpr_0011,EAEAAEAKSGKEAGSEEEEPAPAAEGPEAKASEEEAEKSGGGGPPPGGEK,50,-0.2,-0.2,0.4,0.23534495801497837,5,15,ncpr_series
ncpr_0012,EGKGPASGEESPPPPKGEEPAGKSPKSEKKGEEEPESGGPEGAGGEGEKA,50,-0.1,-0.12,0.4,0.17972200839939234,7,13,ncpr_series
ncpr_0013,PSKAEEAAGESPPAASEGKSKKEAEASEEGEEKESGAAAAPPAPKPEKEA,50,-0.1,-0.12,0.4,0.15767672411884692,7,13,ncpr_series
ncpr_0014,PKSPGSGPEEEAAPEPKEGGGEPESEEAPAAPGPEAEKSKKGKAEPSGEK,50,-0.1,-0.12,0.4,0.27085622813324706,7,13,ncpr_series
ncpr_0015,PESPSAGEEGKEAKKESKPESSGGKGKSKAEESPAPSESEPPEAAPESPE,50,-0.1,-0.12,0.4,0.158932799114878,7,13,ncpr_series
ncpr_0016,EKAPEKEGKKSEKEKPEKPSGGPEAGSGGGKGPSSAKSGGPGAEEGPKSE,50,-0.0,0.0,0.4,0.06800422212326625,10,10,ncpr_series
ncpr_0017,SGPKGKEPAGEAGEKGPEGPGEGGEKASEEAGKKPEKSEAASGPKPKKSG,50,-0.0,0.0,0.4,0.14640212425576835,10,10,ncpr_series
ncpr_0018,PEGPGEGKPKAAGGPAGKSKPGEEKESGKKGESEEAEEAKKAGSSKPPGG,50,-0.0,0.0,0.4,0.2196023617502021,10,10,ncpr_series
ncpr_0019,EASGASGEPSGAGEKPKGGKSPAEPAKKEGEAAAKKEEGPPAPPEKKKES,50,-0.0,0.0,0.4,0.08279247274586449,10,10,ncpr_series
ncpr_0020,GSKPEGGGEPAKSSEGPKKEGSKSGKKSKPEAAKKEGEGSSKSKPPGPAE,50,0.1,0.08,0.4,0.13741203343626998,12,8,ncpr_series
ncpr_0021,PGGKKSKKPAGSEEPEEESGKGGPAGPKEASAAAGSKKKKPGEGPSKKSE,50,0.1,0.08,0.4,0.4058217488409498,12,8,ncpr_series
ncpr_0022,AGPKGKPASSPGKEASKGPKEPEEKPAKPKKPAKSAPGKPESKEESPESG,50,0.1,0.08,0.4,0.18642567996717277,12,8,ncpr_series
ncpr_0023,APAGKEKAKKEKEPAGAAAAPSSKKSKASSEKGKGKAGAAASEEEPKGEP,50,0.1,0.08,0.4,0.17141493275773592,12,8,ncpr_series
ncpr_0024,EKASAPPKKKKKEPKEKAAKSAKSKKSPPPSPKPGAEKGEGSASAGAKAS,50,0.2,0.2,0.4,0.20787431390843117,15,5,ncpr_series
ncpr_0025,AKPSPAKPGAPKEKPEASEAPAGKSAAKASEPAGKKKKKKGKAGPKSSEK,50,0.2,0.2,0.4,0.327413823536828,15,5,ncpr_series
ncpr_0026,GKKSPEKGEAAKSGGKGPSKAESKGGSSKAEKSPKAKPKSSKSKKGAPEG,50,0.2,0.2,0.4,0.15684704675929415,15,5,ncpr_series
ncpr_0027,AKKSKSGAEPKSEKKESKKKKSAGKPEGKGKSEAAPGSGGGAKPAPGKPG,50,0.2,0.2,0.4,0.16190752368224184,15,5,ncpr_series
ncpr_0028,PKSGEPGPKGPGKKSASKGPPKGPAKKKKKGSGSSKGAPKPKKESKASEK,50,0.3,0.28,0.4,0.23120023505139445,17,3,ncpr_series
ncpr_0029,KSKSAKSPKKSAKSGAEPKKKKAPPAKEPKPGAKAPKAPPSGKPKPGEGK,50,0.3,0.28,0.4,0.18279517035148202,17,3,ncpr_series
ncpr_0030,PKPKPKKPAKGGEPASGKEKKEKSKSKKGGPPGPGSASKKKKPAASSKAG,50,0.3,0.28,0.4,0.25782525022260855,17,3,ncpr_series
ncpr_0031,SGSKGKKKPEPAGGAAKEPSGSKPPKGSKKPKGKAKPPKKSPSKEGKSKP,50,0.3,0.28,0.4,0.23750600433003444,17,3,ncpr_series
ncpr_0032,SSGKKKKGAPKSGPKAKGSKPKKPKGSKAPKPKGAGKKKGGGGASPSKKK,50,0.4,0.4,0.4,,20,0,ncpr_series
ncpr_0033,APGAPPKPGASAKGKKSSKGSAKPKPGAKKKKAKKAPGKSKSKAGKKAKK,50,0.4,0.4,0.4,,20,0,ncpr_series
ncpr_0034,GAGKASKKGKKKSKKKSAKPKPGAPGKSPKPGSKKSSKAAPKKGKSGPKA,50,0.4,0.4,0.4,,20,0,ncpr_series
ncpr_0035,SAKGPAPKKKKPKKPSKPGAGKKKSKSKAPAKPPKKGGPKKPKAPGKGSG,50,0.4,0.4,0.4,,20,0,ncpr_series
ncpr_0036,SEEPEGEEEEASEEPEAEPEEPESAPPEEEAASEEEGGPAAPPGGSEAESGEEEASSSAPEEEAEPGSAEGPGGEAEPEGSEGEGESSGSEPGPEEAEAS,100,-0.4,-0.4,0.4,,0,40,ncpr_series
ncpr_0037,PEGPESAEAEGEESEEEPPGPESSEEEGPEEAEAEESAEASAPEPPSEPGEEESAPPPGSGPESAEESESEPPEGPSSPPEEEASEPEAEEEGAESPPGE,100,-0.4,-0.4,0.4,,0,40,ncpr_series
ncpr_0038,EPESSGEGEEAEEAEEPEPPGSPESAAEEEEEESSEEAEEGEPGSAEEAAAGPSGSEEEEEEPAPGEPSAGPPSESEAAPESPAEEPEGEEAASAPESAS,100,-0.4,-0.4,0.4,,0,40,ncpr_series
ncpr_0039,SESEESPEPEPPSGSEAEEEEAAEEEAESSEEGSEEPPSGGGPEEGGPSGEEEESAGEEPAPGEPGEEAGEASSGSPEEEGAEEPSEAGPGPEEAEAPEP,100,-0.4,-0.4,0.4,,0,40,ncpr_series
ncpr_0040,EEKSAAAGEEAGAAKPASEEEEPPEAESPKSKASEEEEEEPEASGPPEAASEEEGAAPAESGAEPSSESEPEGSAKEEAESPEEPPSAEGEPASSESGEA,100,-0.3,-0.3,0.4,0.23433514872016484,5,35,ncpr_series
ncpr_0041,SEPEGGEGEEEGSEEESGGEGAEPEEEGGAEEPAAPPPKKAAEESESKPPSEEKEGEASGGESAEAAEGEASSASEESAESAEGPGESEGPSKAGASEEP,100,-0.3,-0.3,0.4,0.17624450851692103,5,35,ncpr_series
ncpr_0042,EPSPKEGEAEKEGESEEESPEGEEGEAPAEPEAESGPEPEPGAKSSKEPKGPGSEEPEPEEAGSSSSAEGPSAAASSEESEPGPSEEEEGEAAGEPSESS,100,-0.3,-0.3,0.4,0.22611955063174324,5,35,ncpr_series
ncpr_0043,GEAEEAEEGPPPESESEPSKSPEEEPGESASKSGGASEASEGSAAPEGSEAEESEKPPPSEESPAEPPEGESAGGAPGEGAEKEAEAEPEKEEGGEEEGG,100,-0.3,-0.3,0.4,0.1734067766163607,5,35,ncpr_series
ncpr_0044,ESAEEGPGESEKSESPKEEGEEKSPAEEKPEGAEGAGKKSAAAGSGEGEAPEGAEGPPEPGGEKPGAEKGSAEEEPESGEPPEGAPPGSSGPEAEAEKPK,100,-0.2,-0.2,0.4,0.15457302280446397,10,30,ncpr_series
ncpr_0045,SESEEAKPPSSGAEESEEGPAGGEEPGGKPEKGGEPAEEGAPAEPGKPEKASSPEGEGEGAEEAKKPSGGEAAESPKEESSPAPESAAAGKKEEEPAEAE,100,-0.2,-0.2,0.4,0.16945119507204207,10,30,ncpr_series
ncpr_0046,AGEPESGKAAKPSPASKGAEEKGEEAPEASPESGEGKPEGGGEAPGKEKAPSPAEESEPPKEPPEAAKEAEAAGEPPAEPKEEEPEEEESESPGGAPEGP,100,-0.2,-0.2,0.4,0.1952307870809866,10,30,ncpr_series
ncpr_0047,EGGGSEEPPAPPAKEESAPSEEKPEAPEKPAASAPSEGESAEGKAGSSEEPASEPGKESKGSPAKPESPKEEGEPEAESAASEGSAGPKEEEKAEAAEEE,100,-0.2,-0.2,0.4,0.11664441069130647,10,30,ncpr_series
ncpr_0048,ESEPEAGSKPKPSGKAESPEKEAAGKSEGPSSGPEKKPGGPEEGKSEPEEKKGSAPAAGSEPEGEGAAPPGGSKPKGEKGSEAEKEEEEEPKSSASSGEA,100,-0.1,-0.1,0.4,0.1474815294253814,15,25,ncpr_series
ncpr_0049,PASGEGPEPSGKPGPGEKEEKAAAAGSAGKGPEGKESSEPAKAEAKPSEKPEESAGPPPEAAAKSEKKPSKEEEKEAEGEEEKEAPGKGGEGPGASGEGS,100,-0.1,-0.1,0.4,0.0893854228820503,15,25,ncpr_series
ncpr_0050,EPSEPKGAGKPEEAGEAGKSEEPSEAEEGGPAPSGGKGKEKGGEGSSAAGEKEGSASSSESKKKSPKGEGKGEEEEEAAPAGEPSGEKAEGKSPEGKPSS,100,-0.1,-0.1,0.4,0.19197627001704656,15,25,ncpr_series
ncpr_0051,SASKSEEEKEPPGGEGGSKPAKSKGAGEGEPGKAKKGAAGSPEKEEKEAPKSEGAKGSEPESPGEAAEEEPGAEEAGAKGKAGSEPAEGGKAPEPGSPEE,100,-0.1,-0.1,0.4,0.18674344807282406,15,25,ncpr_series
ncpr_0052,GPGKAKPESGEAEEKKAPKSKKEKGSSKKPEEGEEGPAEPAAPSSAGKPEAEGAPKKGGPKSGSESEGGKGSSGKPEEKKGEGPASGEGKPSGGKGGAEE,100,-0.0,0.0,0.4,0.18382654581045993,20,20,ncpr_series
ncpr_0053,KGEAESESKAAAEKEGPAKEGEAAKEEEGKPGSGSAGKEGGSKSAGEGKGESKSEGAEKPKSGESGEPGPEKSPPGEPGGKKAKAGEGGKGPASPKKGAK,100,-0.0,0.0,0.4,0.10514745308310992,20,20,ncpr_series
ncpr_0054,KAAKEASSAEESEKPKAPGPSEGEKPPESESASEGSGKGASGKGGGKEKSGKEKAEPAKKESGKPASEEPEPKSGPEASSPSAGKEKGKSEKGGGGKAEG,100,-0.0,0.0,0.4,0.10092450742584794,20,20,ncpr_series
ncpr_0055,KKEEASGPGGKSEKGGPPPKKPEEKSEEKKGGKPESEPKPKEPAAGPESEEEAAGGPSKEGKGSSKSSEAKPSEAESAPSGGKAASKPPGAPEKSPGEGK,100,-0.0,0.0,0.4,0.12585812162219676,20,20,ncpr_series
ncpr_0056,KEEGGAKEPKAGGKSAPGKKSAKEEPEPSASSPAAGPAPGAAAGESKKSEGEAKEESPKSSKKSKGSAKGEPAPSPKAEAPPKKKKEAPSSKKKAEKKPG,100,0.1,0.1,0.4,0.1531706686713213,25,15,ncpr_series
ncpr_0057,KKPPAAAGAGKEAPGKEEAKKPPEASKAKKAAPSSSPKSPAEEKKEAKAASKPAKSSKKAEEPGKSPPPPEPGEAPPAAAPKKASEAPKEKEKSEKSSKP,100,0.1,0.1,0.4,0.10532569452169804,25,15,ncpr_series
ncpr_0058,PGGSPKKSKEGKSSKKKEGPKPAEEAEEKPPSGSAKSSSKGKKPSKSGKKEKKPSKGSASSKGKPKSEEGEGGGAKSKSESSAAGPPAAAESSGPEKPEE,100,0.1,0.1,0.4,0.205907179112042,25,15,ncpr_series
ncpr_0059,GPPSPGASGESKKEGPSGAPSPAESGSKPPKSSPASSEEGAGEPSKKKGPEEKEKAEKEKEKKKKPAGKPEEKAKKGGKAPGGSAPKAKEKASGAPSPKK,100,0.1,0.1,0.4,0.13964700554763387,25,15,ncpr_series
ncpr_0060,EKAKKKGEKSSKKEKSGKKKKPSSSGKGKGSPPKGKGAEAKPSPSAKEEKSSSAAGPPGKAGSKKPSKSEAPKPKKKEEKGGAEKGPGGAGAKASPASGS,100,0.2,0.2,0.4,0.16011412779781908,30,10,ncpr_series
ncpr_0061,SSKPAAAGKEKKASAKAAGGKASKSPSPSSKEGSEKKAASGGSKEEKEKGPKSKKGSGEASKEPGKGEKKKASGGGPKGEKSAAKKKPSSKGGKPGKPKS,100,0.2,0.2,0.4,0.12126690293863261,30,10,ncpr_series
ncpr_0062,KKAKKKGKAKKSGSKEEASSPKEKPGKGSEPGKKSGKGKEKSGSKPEPPAGGGAGPGPAKGSEKAGGAPSPESEEKAGGKKKKKAKPAAKKGAGPGKGAS,100,0.2,0.2,0.4,0.26095922199016985,30,10,ncpr_series
ncpr_0063,GSKPKPKSSKPEKSKKAAAASAPEAKKPKGKKGKSASKPAKGPESEPAGEKPKAKKGSSSEEASKGAGAKSAPSPGKEPGKKESPKAKGSKKGGEKSKAP,100,0.2,0.2,0.4,0.18842952977659677,30,10,ncpr_series
ncpr_0064,AKKASSAPPPAKKKKSPKKKPSKKAPKKKPSSKKKGKAKSAKEKAAPKGSGAGKKEGAGEKAKPASKAPGGSASEKGGKAKKESPGSASKSKAAGKSPKG,100,0.3,0.3,0.4,0.22873501560835374,35,5,ncpr_series
ncpr_0065,PKKPGKGGPPKGKKAPPGKKGAKKGEAGSGSKKAAGGKKKGEPSKSKSGKSKKPGAPAAPEPAKEKPKGKASKKGEGKSKPSAKAAPKKGSSAAKSKSKK,100,0.3,0.3,0.4,0.14543251818905054,35,5,ncpr_series
ncpr_0066,PKAPKAEGKGGGPAAPKKGSGAPKSAKSSAGPKSAGEKSAKSPKGAKAKPKSPKKKSAKKEKGKPSAKKKGKAGKGPEKGGASPKKEGKKSKPSGKAGKK,100,0.3,0.3,0.4,0.1616445103381027,35,5,ncpr_series
ncpr_0067,KKGKPGGKKKKKGGKKPAKKSKGPKKKKKKPKAGAKSASAKSPSKEPAPPAAGKSPKKAAKSSKEKGKKAGAAGGESPEEAKGSGAKSKAGAAGKSASSA,100,0.3,0.3,0.4,0.28849799711425567,35,5,ncpr_series
ncpr_0068,AGKKPKPGGKPKGAGGKSGKKAPGAPKPSKPKPPAGSPKKKPGGKSKAKKKPGPKGKKKKKKGSKKGPKKAKPAKSGKSSKKPKSPKSPKPKPPPGKGGS,100,0.4,0.4,0.4,,40,0,ncpr_series
ncpr_0069,APPAAKGKAAKKGGKPPGGKAPKKGKAPAASKPPGKSSKKGSPPKKKKGKKAPPKAKKKKKKAKPGAKKPKPSPAKGSGGPKSGGKSKKKKSPAPSKSKK,100,0.4,0.4,0.4,,40,0,ncpr_series
ncpr_0070,APAPGGKKPSKPAPKKAGASKPSKKKKASKSKKKSKKGKAGKKKPSSPASAGSSKGKKKAAKGGSGAKKPKKPKSKSAPKSSKSSSSPKKKSAKKAKPKS,100,0.4,0.4,0.4,,40,0,ncpr_series
ncpr_0071,PKAPKGGSGKKAGGKKPSSKKKGKSKASPPGKKGAKSGKPKKASSKKKKPKSKPKSPKKKKKSAAGAAKKAGKSKKGGSPGPGKKSGPSKAAKAKKPGAS,100,0.4,0.4,0.4,,40,0,ncpr_series
ncpr_0072,PSSSPGPSEPPPEAGEGAAAGSEEPGSEEGEEGPSEAEEESEEEAEGEEEAPGESAGESEEGEPASAAEGESPAGPSSPEEAPEAEEGGEEAEEEGEEEAEESAPGEEEEPEEEPAEAESAPGPPGGAESEEEGPEEEESAAGSGGEAAPEPASASPEPEEAEAEPEEGASEEGGSEEEPEEGPSEGAAEESESAGASEP,200,-0.4,-0.4,0.4,,0,80,ncpr_series
ncpr_0073,GPGESAEEEPEESGGAEGGPEPGESPEESSAESAPSEEPEAEAEEPEEEAAAEGGPEEGEAEAEGEEPEAPPPEEGGESASSGEPAEEEEEAEPGEEEAPGEPEEEAEEPEEGAEAGESSEEPSAPAGSESEESESSGEPEAEAGSSSEGSPAPGSEESSEEEESEPEEAPESPSGEPESSGPGAGAPAEPEEGAESEGP,200,-0.4,-0.4,0.4,,0,80,ncpr_series
ncpr_0074,GAEGGPEEAASESAEAEAAGGEEPEPESSSAEGAPSEGPEEESGEEEESEEEAGEEPGGEPEEEASESAGSSEEEESAEGSESSPEEGGGSGGGEPEEGEEEPAEAAGSEASEAEGESGEESPSPEEESGAGAPESAGSSGPSEAPEESSPSAEPEEESEEPPSEEAEEEGPESEPEPEPPESSEPPAEEEEAEEPSSPP,200,-0.4,-0.4,0.4,,0,80,ncpr_series
ncpr_0075,EPPSEEEGESPGEEEAGSEPGAAGEAASSEAEGEPGEPAPEPEEGGEAGEESSSPEESEEEGSESESSESSEAGGAASGESAGGESEEEEGEGAPPSGPEEEEAASSEGEPEGGSPSPEPPGEEPEAPESEEPEAGEESEASSSAEEAESEEEPEGGEPEPGAEESEEPSSAEAEGGGEAAEEEEAAGEEAEEEGAAAGE,200,-0.4,-0.4,0.4,,0,80,ncpr_series
ncpr_0076,GAKAGAEEGPEAPAGSPSEGEEAGEASEPKEESEEGSESSAGEEPPEGAAPEAEAEGGEGEAEPPEEGGPAAKPEEEAESASPEAESPGAGSASPESSAKSEEEEEGEAEESGAKEEASGKESEAASAGGSKASEAEGSAPEPASAEGGSGEEEEGESESEAKAPEPEEEAEGGESGSEKPSGGEEEAESKASEEAEEEP,200,-0.3,-0.3,0.4,0.2279664083076389,10,70,ncpr_series
ncpr_0077,GSGAKPPPEPAESSESSEKAEEAPEPGSPPAEAEEGSKAGAPEEESEEEEGPPEPGPEEESEPEPGGSAGEASEGGGEEEESASPPEAEKEPAKEPEPPEPPEPAEGSEAAEASEPEEPEPESEPAEGAPPEPEKKEPPEASGGGPPGEAEAEEAEEPSEEAPAEAASEEEEPEESEPEPGAAEKSAAPGSSESESSKKS,200,-0.3,-0.3,0.4,0.22697416029798148,10,70,ncpr_series
ncpr_0078,AKAEPPPEEPAAGEESPEKEEEEEESESAAEPPEPPESASAGGEPSSESGAEAEAEGGGPAGPSEGESEEEGAEAEPPGEEAEEEPKGESKEAAASPAPEGSASPGEEGAEAGGEAESEKGGPSGEEAGEEEGSEAEPSEEGAAKEGPEKEPSSEGEEEAGAKPESEAESAESSKEPSAGEAAPKPEAEEPAPPEPEPES,200,-0.3,-0.3,0.4,0.2005197880889059,10,70,ncpr_series
ncpr_0079,GGKGEEKPEAPKSKGPEKAKGGGEEEEGEKEEGGAEASEAAAGAPSEAEPEGEGGGSPAAGAEEEGEEEGEEEKGAPEEGGESEEEEEGESAEEGEEGGGSEESASEESPGEPEGEGEEAEPGPGSEEAAASEASEPKAPESAESPSPEGGEEAGSGEEGAGEPSEAEPEAAEAEESGEEESSASPSPSGPAAASPSPSK,200,-0.3,-0.3,0.4,0.24652801454604167,10,70,ncpr_series
ncpr_0080,GPSGKGSEASSPEGGPEGGGPSEGEEPEGEEEEGAAEASESPESPEEKPPGAKAEKSESEEAPPEEPPEGKKEPKKKSSEPGEEPAAGKEEGGASPGEEAKGSEEPPEGEKAEAEEPSEAPEGSAEEEAAEGPPAAESKGSSEESEESEEEKSKKSKGAAAEKPGPSSSSPAPESKAKAAPPEPGPEEPEPSSESPGAPE,200,-0.2,-0.2,0.4,0.22862526867294727,20,60,ncpr_series
ncpr_0081,AAEAEEPEPEGEEGAASGEEEEEEEPSSSSEPAKEGEPEEAEGEASAASGEEPEGPAAEPPPSGAPKEAAGGGEESEKGSSAEGSPEPEEPKEPSGASESKESAAEPAGEKGEAESSESEKAPEESAEPKKGKPEKGEAEAPPGGPKGPEGGSAEKAPGKEGKGKSEEGGSGPGESKGKGGSSKESEPGKSAESEPAEEP,200,-0.2,-0.2,0.4,0.20730806603638108,20,60,ncpr_series
ncpr_0082,GEEKEEGGGEEGGPKEEESEEEEAAGAPAAGESSEGPESPGSEKAPAKEKEAEKEEEKPPKKAEEPAAAEEAPSGAPPAEKEESEPSGPPPEAEKKPSEGPPGEGEAKSSAKGESSEPAEGSAAGKEAEPAGSSEPPPEASSAKPEEPPPESGSAEEGEEAKEGEASEGGSKESSESEAASGKEAEPSGAGAEEAASPAK,200,-0.2,-0.2,0.4,0.14151105590946944,20,60,ncpr_series
ncpr_0083,APGESSAEEEEGPSEPAGPESPPPGASESEGAASEPKAEGGEPSEKESSSEEKSEKGEPEAGEESAEGSPPKKPGSGEESPPPAKAEGEKSKAEEAEGEEGSKKPPSAKEEKEEKPEGSAGGGEEEPSKESEEESEAEGEAAAEASASSESGESAPGPSAEEGEGPEESGKAPAEPSKEPKSKSASSPEPGGGKEPEAEP,200,-0.2,-0.2,0.4,0.17646703017190637,20,60,ncpr_series
ncpr_0084,PKGAAKGEASEEESEAEAPGGGAKPEGEEESAEPKPPAESPEAESKGEEAKAGKASEPGGSEEAAGPPAGEAAGEKASAKKGGAKPAPKSPSAGKAKEESAEKEKEAESESGAGKEKGKASPGPKEGESKSGEPEPGEEEEASSPESEAKPSEKGSKPPGPKSSSEPGESGGKEGEPAEESSGKEAPGASSEGPKKEKSE,200,-0.1,-0.1,0.4,0.19069416270822057,30,50,ncpr_series
ncpr_0085,PSEEGPEKEGASKGEGSSAAEKESKEEEAGAKAPEGESKPPPPKKKSPSSKKSGGGSKSAEEEAASASEAAKSSPEPAESPSAPAGEKEPGAPPAKSAKKGKGSEEEPPEKPEAPPGPEPEEKEGSESGGEPEEAAEAGGSPKPEPSKGEGKEEAEPPEEAKSEPPEGSKKAPGSAPGPGGPEPAEAKASESKKEEGKEE,200,-0.1,-0.1,0.4,0.1640875600347089,30,50,ncpr_series
ncpr_0086,KEGGAPKKSSAPEGSEAAKSESASSGGEAKAPEKGEPSEAKGGEEAAEAKEEEPSGGEKGPPKEPPSEEEPKGESEAGKGEPSSSEASKEKPKGKEKKSAEEEESEESEGGEEKPEEPSSASEPGPEASSKEAAGAPGKPAEPKEGPPSEAGGAEASESGGPASGGKKAEEEAKKKSGAPAGSAPEKPEAAAKKPGSSPE,200,-0.1,-0.1,0.4,0.15770068263070613,30,50,ncpr_series
ncpr_0087,ESAPSEGEGESESPESGGKAPAKKSPGAGPGGSAGKSAPAKEEGGESKPASGASPKEKKSESKSGAGSPAEASEGEEPPGEASAEKPPPKKGGEEGEEPPGKAGPEPKAGPEKGSGGPPKPAKKGPSKEEEAGEEEAKSGEAEAESSGSAPEPGKGEPPAEAAESEEKPGEGEKKSEEPKEEEESPPEKKEEASESKPPK,200,-0.1,-0.1,0.4,0.18870105197801817,30,50,ncpr_series
ncpr_0088,SKAPEEEAPGGEPAEAGEPEGGASAKKAGEKPASEGGKPKGAKPEPSKEGKPSGAEKPPSKGSSPKSEPKPSGEKEKPASEAGSKKEEAKPSAEKPEPKKKAPEGEEEKEESGKAPPKGEAGAGESKAPSEKAEAESESGPAKKSPPAEKGGPEAPSAPSSESEAKEAGKESKAPKSSKPSAPKAAPEKAGAPGKSEKKA,200,-0.0,0.0,0.4,0.12825387668931482,40,40,ncpr_series
ncpr_0089,EGAEEGEAKGSSGGKAKGGKSPESGSAEKGASPEGAGPEPKEAGEPPPKSKAKPEKAKKSESAKPGAGSPEEGAKKPPPKPKKEEPPSSKAASPPKAEPKGSGKSEEGEPSEAPEKGEAKSGGEGEGEAPKEKKAEAEKGSAKGKPSSPPEKASPKEEPEESSSSEGSKKESKSAKASGGKAEAKPGEKSAEESAKGGPA,200,-0.0,0.0,0.4,0.1487105454869837,40,40,ncpr_series
ncpr_0090,GAGASSEAEPGAKGGAAPSPEGEKSSEKEKKEGKPGESKEGSEKEGAEAPAEAKSGAKKGAPPPGGESKGGEAGKKEPKKGPSGPESSGEKGEGEEEAGKSGKSPPEEKAAKESPPGEEGAPGKKSEKKASEEAPAPKEPGSKKKAKAPSPAEPGKGPKSGESAEGKESKGSSSKEEEEAKAPEPGKPPKKAGAAAKPGA,200,-0.0,0.0,0.4,0.1473629658263251,40,40,ncpr_series
ncpr_0091,PEGEKSAEAPSPEEPGPSKKKKESGKGEKKGKSGKPAEPGEPGKPKEAPKEESKGPPKPEAAPKPPEAKKSPSEGSEEAPEKSKKKAEPPKAEGASEGAAKAKKSSPEKAGEAKPGEEGSAPKPAGEEGESPAGSPKAEPPKGSASAASGPEPESSGESKKKESPEPASPEKEGAKGEPEPPGPAGAAKPKEGGKEGAKG,200,-0.0,0.0,0.4,0.14383636216463577,40,40,ncpr_series
ncpr_0092,SKSEAEPKGSGGKEGPAAKEKSSAEPAGAKAEKGGGEESAKKAPKSSPKEEGAPAKGSKSPPEKKKAAKKSKPPAGPKSPAGKGSPSPAAAKEPSAEAEPKAKKGSGAAAKSKEGPPKEKKSSKAKSEKSPPGEKGAPKASEKKAPPGSKGASEKEPSEKKKAAGGGPGESGPEEKKGEKSASSEAEKEKKPSSKEKASP,200,0.1,0.1,0.4,0.11518228756512273,50,30,ncpr_series
ncpr_0093,EGGSEKKPAKSGKPEKGGKKKEAAKPKEAKKPKSGGAKAPGAGEAPKSEPGKEEPGKGGKEKEPGPSKKKEPKKAKASGPKEGESKSESGKGKGKAPEEGSGSPKAAGGSSKAESKPKPSGGKSGEEASGKPSSSKSPPKEKESASSSEKKGPGGGKEPSGSESEKPGAKEKAGGSAAPSESKAKKPPSEGGPKAESGKA,200,0.1,0.1,0.4,0.10830237919205643,50,30,ncpr_series
ncpr_0094,SPKKEEKKGPSPKGKKEGAKKSKAGGGAGAKKEKKPGKKKEAAAKKSKAASEKKKGPSAGPKEPKEPGGPSKKPEPEPSKGEAPSKKPEKGPAPKKGSEEPEPEAPGAAPAKKKGGAAEGEAKSKKKASEPGKAGESGSGPESPGEAPGKEPGPESGEKGEKSEAKKPGPKSSGKGPSPPSAGGASSGPEKSSEKAGPSE,200,0.1,0.1,0.4,0.1567819883197325,50,30,ncpr_series
ncpr_0095,SGKAKKKGAPEAGAASGESSAEAASKKPESSKPKKSPESEPPGGSKKGGKKKAKAPAPESAPKSKPKEKPPGGKSGEPGPGPEGSPPGESKGPPKAKGGGSKKEKPEKKPKKKKGASEAGPGEGPEPEEGEAAPPAESKKPKKKAGAGEGPPGEKSKAPESEKESGKKPSKPSSKPKGGAEEAKEGGKSGSKKAESKSAE,200,0.1,0.1,0.4,0.24509357079540944,50,30,ncpr_series
ncpr_0096,KKGAEGSAGSPAKSKGASGPEGGAAGKKKGSKKSKEKSKEKAGPKSKPAKGGKGKKGSPEKAPASSGSEKKKEGAKSGKKSGSGSPPEEKKKAKKKKSAGASAPGKGPKAPAEPKAASGSPAASKSGKKEKGESKSSEAKESSKEGKPPAPKSKKAKPPKAGSKGGPAEPPKKPKKKPPSESKKEEKPKPGPEKSSPGAP,200,0.2,0.2,0.4,0.1804418316746539,60,20,ncpr_series
ncpr_0097,AGSPEPKKPKPPSPPGGGAGKSGSAPSKAEEKEKGPKKASEKKKASAEEKSPKKAESEKPGAKSGKAKKGSEKKKKGGESAKKAAKAGKPEGEKAEGESEKKAKEGKGSKASPPEGKGPPEGAKPAAPKEKGKKSKGPSSKPSKPGSAAPPSKKGKGSASPSAKGGAGASAKKKPKAKAKAKAASKAKAPSKGSKKAAKA,200,0.2,0.2,0.4,0.16019845475873365,60,20,ncpr_series
ncpr_0098,SEKPSKAGEGPEKGPPSGSAAAAKEEPKEAKKAESAKGKAGSGKGPKGKPPPESSKPKPPPAPKPAKGPAEKGGEKGKSAKKSPKSGEPSKPKGGAGGKKPPKKEKGKGSSAEKSAAGPKKKGAGGAGKKKSSKKASAKKGKEKSAPKPKEGKKSGGKAGGASKKEAGKKAGGEEGAGGEGGPKAPKKSEKSGKPKPGKK,200,0.2,0.2,0.4,0.1431838922904271,60,20,ncpr_series
ncpr_0099,SGPEPKAEKAKKAGKESKSKASGPKKSKGPGKEKPSKEKKSGKKAEEKKSEPSKKGKSKSKAGGKGKASEGSKKPAPKAAPASGPSKAKAEKKAKEKGKGKPPGKEKKAPPKGKSSAAPASGSPPSKKGAAAGEGKKSESESSEAPKAPGPGKPESPEGGPPPSSKKEEASPAGAKKAGKPKKKAKSPSGAKSPAKASKP,200,0.2,0.2,0.4,0.1497064681026379,60,20,ncpr_series
ncpr_0100,KEKAASPGSKAKPAGKKAKKEGKASKSPKGESAGKPSGGKPKPPSAKGAGSKGPAPEKSSPKKGEKKKKGKPGAAKPGGPKEPAGKAPKKPPKAPPKKSKGKKGAKPAAKGKKAPKAKPKSGAKEKKSPSSKSASSSGPKSKAAEAEKGGGPAAAGGKKKPKPKKSGGKKGSGKKSKKSAAPPKKKKASSKGAKEKGAKK,200,0.3,0.3,0.4,0.17585913331535039,70,10,ncpr_series
ncpr_0101,KKKSPPKKKAPAPKPKAAASKPGGKKEKAKSESAESSPPGAKGAGSKKKPKSGAGKKKKKKKPGSKKSGSKAKGKKPKKSGKAAPKSSPAKAAKAKGGAKKKAKGAGGKGKAPAAEPKGESAAPGGKKKGPKAEKPPEGKKSPPPKPPKPAKSPKKPSPSKSEKSPSSPSGGSKKKKKSKSGGAKEGKGKEGSSKGKAGS,200,0.3,0.3,0.4,0.22506771279191543,70,10,ncpr_series
ncpr_0102,KKPKSKKKKKKASAGAKGKGGKSPSEAAPAKAKKPAKGSGGSSAPPSKKSPPKGKKGGAKAKPKSGGGPKKKAKPKKSPKAKGPGPAKPSSKKKKPGSSSPPKPGPKGGGEKEKGSKSKPEGAKGPPAKKKGKGGAESSGKPKKGPKSAPAKKGEPEPKKEGKSGKKPPSPKSASAPSSKKEEGKAKKKKSPKKGKSGGA,200,0.3,0.3,0.4,0.2344123462116353,70,10,ncpr_series
ncpr_0103,GPKKAPKKASKAAKSGKSSAPAKAPEKKAKEEKGGGKSAPASSKAKGKGAASKEKPEKGKGKAKGAGGKKSPASSSGAKKSKKKKKKKSGKKSKPGKGPAPPSKKASKPSKPKAGAKKKKKKEKSAPKKKEGSAKPASKPKKAPKAAGGAKAKAKGSPGESASPGSKKPAPSKPKSSKSAEPPGKKGKPKEPSPAKGSGS,200,0.3,0.3,0.4,0.2115284433281885,70,10,ncpr_series
ncpr_0104,KKKPSKAAAKSKKKKAKPSKGKAGKKPKSAPSKSSKGAKPAGPAAGGPKAPSSKGSPGSKGKSPKAKKSPSKKSAGKKKPKPKKAKPKKPGGAAGSGKGKSKGPPKAKKPKAKKKAAGAGKKKAAGPKKPKKGKSKAPGKKKKSAKKPPKAKAAGKPSAKSKGKAAKKGPAKASPSPAKKKSKSAGKAAPGKKGKKASPK,200,0.4,0.4,0.4,,80,0,ncpr_series
ncpr_0105,PPSSGKKGKKAAGPKKSKPKSAKSKAGPAKKKKKKGKKGASKKGKKGSSGKPAAKGSKPGSKAKSPSPAKSKKPPKPKAKGGGPKGKKPKKPPKGSKPKKSSPKPGGKKGAKGKAAKGSSKAGAPKKSKASGAAGKGKKKKGKAKPKKGGGKSASGAAASKKKPSGKSGGSGKKKKGPKGAPKPASKSKGKPKGKAKKAK,200,0.4,0.4,0.4,,80,0,ncpr_series
ncpr_0106,APSPPKGSKPKKGAKKPKPPAKKKGPGAKKPSASKKSPKKAPKKKGKSKKKSAPKKPPKPKKKSKKSGKGKKKAPAAKAKAPPKSSGKSKPPPSSKSSASKGSAPAGKPKSGKKSAKKKGKPKKSKAKPAAKAGSPGPASKKKAGPGPAKAPGKPASGSKAKKSKPKAAPPAKKKKGKAKPSGGPKASSPKKKKKKKAKG,200,0.4,0.4,0.4,,80,0,ncpr_series
ncpr_0107,PGSPSGSKSKKKKPSKKGSSGKKGSKAAPGKSKPKGPSSKSKKGGPPKKSKAGKPKPGPAPKPSSGGKSGSSAGKKGKAKGAGGGAAAGSGSKKPKKGKPPKPAGKKPGGAKKPPAKPKKKGKGKKKAKKKKPPKKKSKPSPAGKPAGGKGSAGPAGKSKPKKAKKSKKKKPAKAKAKAKKSGSGKGKKGKKKKKSKSGK,200,0.4,0.4,0.4,,80,0,ncpr_series
